address|name|type|size
0x00401000|fn_00401000|function|0x20
0x00401020|fn_00401020|function|0x20
0x00401040|fn_00401040|function|0x10
0x00401050|fn_00401050|function|0x10
0x00401060|fn_00401060|function|0x10
0x00401070|fn_00401070|function|0x120
0x00401190|fn_00401190|function|0x20
0x004011B0|fn_004011B0|function|0x20
0x004011D0|fn_004011D0|function|0x1B0
0x00401380|fn_00401380|function|0xB00
0x00401E80|fn_00401E80|function|0x20
0x00401EA0|fn_00401EA0|function|0x50
0x00401EF0|fn_00401EF0|function|0x360
0x00402250|fn_00402250|function|0x2250
0x004044A0|fn_004044A0|function|0x30
0x004044D0|fn_004044D0|function|0xC0
0x00404590|fn_00404590|function|0x30
0x004045C0|fn_004045C0|function|0xC0
0x00404680|fn_00404680|function|0x30
0x004046B0|fn_004046B0|function|0xC0
0x00404770|fn_00404770|function|0x30
0x004047A0|fn_004047A0|function|0xC0
0x00404860|fn_00404860|function|0x20
0x00404880|fn_00404880|function|0x30
0x004048B0|fn_004048B0|function|0x150
0x00404A00|fn_00404A00|function|0x20
0x00404A20|fn_00404A20|function|0x1B0
0x00404BD0|fn_00404BD0|function|0x1790
0x00406360|fn_00406360|function|0x30
0x00406390|fn_00406390|function|0x10
0x004063A0|fn_004063A0|function|0x10
0x004063B0|fn_004063B0|function|0x20
0x004063D0|fn_004063D0|function|0x20
0x004063F0|fn_004063F0|function|0x1A0
0x00406590|fn_00406590|function|0x1FB0
0x00408540|fn_00408540|function|0x50
0x00408590|fn_00408590|function|0x7F0
0x00408D80|fn_00408D80|function|0x210
0x00408F90|fn_00408F90|function|0xA20
0x004099B0|fn_004099B0|function|0x20
0x004099D0|fn_004099D0|function|0x140
0x00409B10|fn_00409B10|function|0xB50
0x0040A660|fn_0040A660|function|0x20
0x0040A680|fn_0040A680|function|0x20
0x0040A6A0|fn_0040A6A0|function|0x1B0
0x0040A850|fn_0040A850|function|0x470
0x0040ACC0|fn_0040ACC0|function|0x10
0x0040ACD0|fn_0040ACD0|function|0x1260
0x0040BF30|fn_0040BF30|function|0xC0
0x0040BFF0|fn_0040BFF0|function|0x50
0x0040C040|fn_0040C040|function|0x120
0x0040C160|fn_0040C160|function|0xE0
0x0040C240|fn_0040C240|function|0x70
0x0040C2B0|fn_0040C2B0|function|0x1F0
0x0040C4A0|fn_0040C4A0|function|0x110
0x0040C5B0|fn_0040C5B0|function|0x110
0x0040C6C0|fn_0040C6C0|function|0x110
0x0040C7D0|fn_0040C7D0|function|0x10
0x0040C7E0|fn_0040C7E0|function|0x380
0x0040CB60|fn_0040CB60|function|0x20
0x0040CB80|fn_0040CB80|function|0x20
0x0040CBA0|fn_0040CBA0|function|0x30
0x0040CBD0|fn_0040CBD0|function|0x20
0x0040CBF0|fn_0040CBF0|function|0x20
0x0040CC10|fn_0040CC10|function|0x291
0x0040CEA1|fn_0040CEA1|function|0x4F
0x0040CEF0|fn_0040CEF0|function|0x50
0x0040CF40|fn_0040CF40|function|0x1DD
0x0040D11D|fn_0040D11D|function|0x43
0x0040D160|fn_0040D160|function|0x370
0x0040D4D0|fn_0040D4D0|function|0x70
0x0040D540|fn_0040D540|function|0x90
0x0040D5D0|fn_0040D5D0|function|0x70
0x0040D640|fn_0040D640|function|0x200
0x0040D840|fn_0040D840|function|0xF0
0x0040D930|fn_0040D930|function|0x6FC
0x0040E02C|fn_0040E02C|function|0x234
0x0040E260|fn_0040E260|function|0x10
0x0040E270|fn_0040E270|function|0x90
0x0040E300|fn_0040E300|function|0x180
0x0040E480|fn_0040E480|function|0x2C0
0x0040E740|fn_0040E740|function|0x80
0x0040E7C0|fn_0040E7C0|function|0x1C0
0x0040E980|fn_0040E980|function|0x50
0x0040E9D0|fn_0040E9D0|function|0x160
0x0040EB30|fn_0040EB30|function|0x28C
0x0040EDBC|fn_0040EDBC|function|0x924
0x0040F6E0|fn_0040F6E0|function|0x1A0
0x0040F880|fn_0040F880|function|0x1F0
0x0040FA70|fn_0040FA70|function|0x20
0x0040FA90|fn_0040FA90|function|0x17E
0x0040FC0E|fn_0040FC0E|function|0x12
0x0040FC20|fn_0040FC20|function|0x120
0x0040FD40|fn_0040FD40|function|0x190
0x0040FED0|fn_0040FED0|function|0x138
0x00410008|fn_00410008|function|0x18
0x00410020|fn_00410020|function|0x1C0
0x004101E0|fn_004101E0|function|0xC0
0x004102A0|fn_004102A0|function|0x25A
0x004104FA|fn_004104FA|function|0x16
0x00410510|fn_00410510|function|0x10
0x00410520|fn_00410520|function|0x50
0x00410570|fn_00410570|function|0x60
0x004105D0|fn_004105D0|function|0x10
0x004105E0|fn_004105E0|function|0xF0
0x004106D0|fn_004106D0|function|0x10
0x004106E0|fn_004106E0|function|0x50
0x00410730|fn_00410730|function|0x20
0x00410750|fn_00410750|function|0x10
0x00410760|fn_00410760|function|0x390
0x00410AF0|fn_00410AF0|function|0x80
0x00410B70|fn_00410B70|function|0x160
0x00410CD0|fn_00410CD0|function|0x20
0x00410CF0|fn_00410CF0|function|0x580
0x00411270|fn_00411270|function|0x30
0x004112A0|fn_004112A0|function|0x30
0x004112D0|fn_004112D0|function|0x30
0x00411300|fn_00411300|function|0x30
0x00411330|fn_00411330|function|0x30
0x00411360|fn_00411360|function|0x30
0x00411390|fn_00411390|function|0x30
0x004113C0|fn_004113C0|function|0x30
0x004113F0|fn_004113F0|function|0x30
0x00411420|fn_00411420|function|0x30
0x00411450|fn_00411450|function|0x30
0x00411480|fn_00411480|function|0x30
0x004114B0|fn_004114B0|function|0x30
0x004114E0|fn_004114E0|function|0x30
0x00411510|fn_00411510|function|0x30
0x00411540|fn_00411540|function|0x30
0x00411570|fn_00411570|function|0x20
0x00411590|fn_00411590|function|0x10
0x004115A0|fn_004115A0|function|0x30
0x004115D0|fn_004115D0|function|0x30
0x00411600|fn_00411600|function|0x30
0x00411630|fn_00411630|function|0x30
0x00411660|fn_00411660|function|0x20
0x00411680|fn_00411680|function|0x20
0x004116A0|fn_004116A0|function|0x20
0x004116C0|fn_004116C0|function|0x200
0x004118C0|fn_004118C0|function|0x20
0x004118E0|fn_004118E0|function|0xC0
0x004119A0|fn_004119A0|function|0x1DC
0x00411B7C|fn_00411B7C|function|0x64
0x00411BE0|fn_00411BE0|function|0xF0
0x00411CD0|fn_00411CD0|function|0x1D0
0x00411EA0|fn_00411EA0|function|0xE0
0x00411F80|fn_00411F80|function|0x150
0x004120D0|fn_004120D0|function|0x100
0x004121D0|fn_004121D0|function|0x50
0x00412220|fn_00412220|function|0x16C
0x0041238C|fn_0041238C|function|0x34
0x004123C0|fn_004123C0|function|0x30
0x004123F0|fn_004123F0|function|0x10
0x00412400|fn_00412400|function|0x1A0
0x004125A0|fn_004125A0|function|0x70
0x00412610|fn_00412610|function|0x10
0x00412620|fn_00412620|function|0x3B5
0x004129D5|fn_004129D5|function|0xDB
0x00412AB0|fn_00412AB0|function|0x20
0x00412AD0|fn_00412AD0|function|0x20
0x00412AF0|fn_00412AF0|function|0x262
0x00412D52|fn_00412D52|function|0x5E
0x00412DB0|fn_00412DB0|function|0x20
0x00412DD0|fn_00412DD0|function|0x80
0x00412E50|fn_00412E50|function|0xD0
0x00412F20|fn_00412F20|function|0x270
0x00413190|vec3_assign_out|function|0x30
0x004131C0|fn_004131C0|function|0x40
0x00413200|fn_00413200|function|0x160
0x00413360|fn_00413360|function|0x100
0x00413460|fn_00413460|function|0x40
0x004134A0|fn_004134A0|function|0x10
0x004134B0|fn_004134B0|function|0xF0
0x004135A0|fn_004135A0|function|0x100
0x004136A0|fn_004136A0|function|0x200
0x004138A0|fn_004138A0|function|0x10
0x004138B0|fn_004138B0|function|0x3C0
0x00413C70|fn_00413C70|function|0x1B0
0x00413E20|fn_00413E20|function|0x20
0x00413E40|fn_00413E40|function|0x1BC
0x00413FFC|fn_00413FFC|function|0x24
0x00414020|fn_00414020|function|0x30
0x00414050|fn_00414050|function|0x50
0x004140A0|fn_004140A0|function|0x70
0x00414110|fn_00414110|function|0xF0
0x00414200|fn_00414200|function|0x70
0x00414270|fn_00414270|function|0x260
0x004144D0|fn_004144D0|function|0x20
0x004144F0|fn_004144F0|function|0x70
0x00414560|fn_00414560|function|0x20
0x00414580|fn_00414580|function|0x60
0x004145E0|fn_004145E0|function|0xC0
0x004146A0|fn_004146A0|function|0x10
0x004146B0|fn_004146B0|function|0x10
0x004146C0|fn_004146C0|function|0x90
0x00414750|fn_00414750|function|0x170
0x004148C0|fn_004148C0|function|0x20
0x004148E0|fn_004148E0|function|0x20
0x00414900|fn_00414900|function|0xD0
0x004149D0|fn_004149D0|function|0x40
0x00414A10|fn_00414A10|function|0x10
0x00414A20|fn_00414A20|function|0x60
0x00414A80|fn_00414A80|function|0x60
0x00414AE0|fn_00414AE0|function|0xD0
0x00414BB0|fn_00414BB0|function|0xD0
0x00414C80|fn_00414C80|function|0x30
0x00414CB0|fn_00414CB0|function|0x80
0x00414D30|fn_00414D30|function|0x20
0x00414D50|fn_00414D50|function|0x50
0x00414DA0|fn_00414DA0|function|0x20
0x00414DC0|fn_00414DC0|function|0x20
0x00414DE0|fn_00414DE0|function|0x1E0
0x00414FC0|fn_00414FC0|function|0x100
0x004150C0|fn_004150C0|function|0xC0
0x00415180|fn_00415180|function|0x90
0x00415210|fn_00415210|function|0x10
0x00415220|fn_00415220|function|0x188
0x004153A8|fn_004153A8|function|0x28
0x004153D0|fn_004153D0|function|0x83
0x00415453|fn_00415453|function|0x1D
0x00415470|fn_00415470|function|0x110
0x00415580|fn_00415580|function|0x70
0x004155F0|fn_004155F0|function|0x260
0x00415850|fn_00415850|function|0x60
0x004158B0|fn_004158B0|function|0x40
0x004158F0|fn_004158F0|function|0x94
0x00415984|fn_00415984|function|0x1C
0x004159A0|fn_004159A0|function|0x631
0x00415FD1|fn_00415FD1|function|0x4F
0x00416020|fn_00416020|function|0x70
0x00416090|fn_00416090|function|0x4A
0x004160DA|fn_004160DA|function|0x36
0x00416110|fn_00416110|function|0xF0
0x00416200|fn_00416200|function|0x90
0x00416290|fn_00416290|function|0x271
0x00416501|fn_00416501|function|0x5F
0x00416560|fn_00416560|function|0xC
0x0041656C|fn_0041656C|function|0xE
0x0041657A|fn_0041657A|function|0x46
0x004165C0|fn_004165C0|function|0x30
0x004165F0|fn_004165F0|function|0x30
0x00416620|fn_00416620|function|0x54
0x00416674|fn_00416674|function|0x1
0x00416675|fn_00416675|function|0x16B
0x004167E0|fn_004167E0|function|0x60
0x00416840|fn_00416840|function|0x726
0x00416F66|fn_00416F66|function|0xD
0x00416F73|fn_00416F73|function|0x3F4
0x00417367|fn_00417367|function|0x10F
0x00417476|fn_00417476|function|0x2A
0x004174A0|fn_004174A0|function|0x190
0x00417630|fn_00417630|function|0x13F
0x0041776F|fn_0041776F|function|0x21
0x00417790|fn_00417790|function|0xB5
0x00417845|fn_00417845|function|0x5
0x0041784A|fn_0041784A|function|0x16
0x00417860|fn_00417860|function|0xF
0x0041786F|fn_0041786F|function|0xE1
0x00417950|fn_00417950|function|0x110
0x00417A60|fn_00417A60|function|0xB0
0x00417B10|fn_00417B10|function|0xB0
0x00417BC0|fn_00417BC0|function|0x90
0x00417C50|fn_00417C50|function|0x80
0x00417CD0|fn_00417CD0|function|0xD0
0x00417DA0|fn_00417DA0|function|0x50
0x00417DF0|fn_00417DF0|function|0x20
0x00417E10|fn_00417E10|function|0x1D0
0x00417FE0|fn_00417FE0|function|0xB0
0x00418090|fn_00418090|function|0xD0
0x00418160|fn_00418160|function|0x70
0x004181D0|fn_004181D0|function|0x236
0x00418406|fn_00418406|function|0x2A
0x00418430|fn_00418430|function|0x80
0x004184B0|fn_004184B0|function|0x10
0x004184C0|fn_004184C0|function|0x40
0x00418500|fn_00418500|function|0x40
0x00418540|fn_00418540|function|0x40
0x00418580|fn_00418580|function|0x20
0x004185A0|fn_004185A0|function|0x1C0
0x00418760|fn_00418760|function|0xB0
0x00418810|fn_00418810|function|0x110
0x00418920|fn_00418920|function|0x40
0x00418960|fn_00418960|function|0x60
0x004189C0|fn_004189C0|function|0x1E0
0x00418BA0|fn_00418BA0|function|0x30
0x00418BD0|fn_00418BD0|function|0x30
0x00418C00|fn_00418C00|function|0x40
0x00418C40|fn_00418C40|function|0x50
0x00418C90|fn_00418C90|function|0x20
0x00418CB0|fn_00418CB0|function|0x30
0x00418CE0|fn_00418CE0|function|0xD0
0x00418DB0|fn_00418DB0|function|0x90
0x00418E40|fn_00418E40|function|0xA0
0x00418EE0|fn_00418EE0|function|0x50
0x00418F30|fn_00418F30|function|0xC0
0x00418FF0|fn_00418FF0|function|0xB0
0x004190A0|fn_004190A0|function|0x60
0x00419100|fn_00419100|function|0x40
0x00419140|fn_00419140|function|0x20
0x00419160|fn_00419160|function|0x10
0x00419170|fn_00419170|function|0x20
0x00419190|fn_00419190|function|0x20
0x004191B0|fn_004191B0|function|0x1D0
0x00419380|fn_00419380|function|0x15C0
0x0041A940|fn_0041A940|function|0x20
0x0041A960|fn_0041A960|function|0x1B0
0x0041AB10|fn_0041AB10|function|0x1390
0x0041BEA0|fn_0041BEA0|function|0x20
0x0041BEC0|fn_0041BEC0|function|0x20
0x0041BEE0|fn_0041BEE0|function|0x1A0
0x0041C080|fn_0041C080|function|0x90
0x0041C110|fn_0041C110|function|0x140
0x0041C250|fn_0041C250|function|0x1390
0x0041D5E0|fn_0041D5E0|function|0x14C
0x0041D72C|fn_0041D72C|function|0x14
0x0041D740|fn_0041D740|function|0x170
0x0041D8B0|fn_0041D8B0|function|0x530
0x0041DDE0|fn_0041DDE0|function|0x360
0x0041E140|fn_0041E140|function|0x240
0x0041E380|fn_0041E380|function|0x50
0x0041E3D0|fn_0041E3D0|function|0x30
0x0041E400|fn_0041E400|function|0x20
0x0041E420|fn_0041E420|function|0x10
0x0041E430|fn_0041E430|function|0x70
0x0041E4A0|fn_0041E4A0|function|0xF0
0x0041E590|fn_0041E590|function|0x40
0x0041E5D0|fn_0041E5D0|function|0xE0
0x0041E6B0|fn_0041E6B0|function|0x230
0x0041E8E0|fn_0041E8E0|function|0x20
0x0041E900|fn_0041E900|function|0x280
0x0041EB80|fn_0041EB80|function|0x50
0x0041EBD0|fn_0041EBD0|function|0x180
0x0041ED50|fn_0041ED50|function|0x10
0x0041ED60|fn_0041ED60|function|0x11C
0x0041EE7C|fn_0041EE7C|function|0x14
0x0041EE90|fn_0041EE90|function|0xA0
0x0041EF30|fn_0041EF30|function|0x161
0x0041F091|fn_0041F091|function|0x151F
0x004205B0|fn_004205B0|function|0x20
0x004205D0|fn_004205D0|function|0x200
0x004207D0|fn_004207D0|function|0xDC0
0x00421590|fn_00421590|function|0x160
0x004216F0|fn_004216F0|function|0x10A0
0x00422790|fn_00422790|function|0x30
0x004227C0|fn_004227C0|function|0x20
0x004227E0|fn_004227E0|function|0x20
0x00422800|fn_00422800|function|0x20
0x00422820|fn_00422820|function|0x20
0x00422840|fn_00422840|function|0x20
0x00422860|fn_00422860|function|0x20
0x00422880|fn_00422880|function|0x20
0x004228A0|fn_004228A0|function|0x20
0x004228C0|fn_004228C0|function|0x20
0x004228E0|fn_004228E0|function|0x20
0x00422900|fn_00422900|function|0x20
0x00422920|fn_00422920|function|0x20
0x00422940|fn_00422940|function|0x20
0x00422960|fn_00422960|function|0x20
0x00422980|fn_00422980|function|0x3E5
0x00422D65|fn_00422D65|function|0x6B
0x00422DD0|fn_00422DD0|function|0x1F0
0x00422FC0|fn_00422FC0|function|0x90
0x00423050|fn_00423050|function|0x150
0x004231A0|fn_004231A0|function|0x1980
0x00424B20|fn_00424B20|function|0x60
0x00424B80|fn_00424B80|function|0x1A0
0x00424D20|fn_00424D20|function|0xC0
0x00424DE0|fn_00424DE0|function|0x2A0
0x00425080|fn_00425080|function|0x90
0x00425110|fn_00425110|function|0x90
0x004251A0|fn_004251A0|function|0xB0
0x00425250|fn_00425250|function|0x10
0x00425260|fn_00425260|function|0x10
0x00425270|fn_00425270|function|0x14E
0x004253BE|fn_004253BE|function|0x22
0x004253E0|fn_004253E0|function|0x30
0x00425410|fn_00425410|function|0x90
0x004254A0|fn_004254A0|function|0x20
0x004254C0|fn_004254C0|function|0x20
0x004254E0|fn_004254E0|function|0x1C0
0x004256A0|fn_004256A0|function|0x1A60
0x00427100|fn_00427100|function|0x140
0x00427240|fn_00427240|function|0x2C8
0x00427508|fn_00427508|function|0x68
0x00427570|fn_00427570|function|0x130
0x004276A0|fn_004276A0|function|0x190
0x00427830|fn_00427830|function|0x120
0x00427950|fn_00427950|function|0x1CE
0x00427B1E|fn_00427B1E|function|0x32
0x00427B50|fn_00427B50|function|0x1F1
0x00427D41|fn_00427D41|function|0x130F
0x00429050|fn_00429050|function|0x10
0x00429060|fn_00429060|function|0x40
0x004290A0|fn_004290A0|function|0x10C
0x004291AC|fn_004291AC|function|0x24
0x004291D0|fn_004291D0|function|0x240
0x00429410|fn_00429410|function|0x3C0
0x004297D0|fn_004297D0|function|0x80
0x00429850|fn_00429850|function|0x2C4
0x00429B14|fn_00429B14|function|0x6C
0x00429B80|fn_00429B80|function|0x190
0x00429D10|fn_00429D10|function|0x120
0x00429E30|fn_00429E30|function|0x1CE
0x00429FFE|fn_00429FFE|function|0x32
0x0042A030|fn_0042A030|function|0x100
0x0042A130|fn_0042A130|function|0xC60
0x0042AD90|fn_0042AD90|function|0x10
0x0042ADA0|fn_0042ADA0|function|0x40
0x0042ADE0|fn_0042ADE0|function|0x40
0x0042AE20|fn_0042AE20|function|0xC0
0x0042AEE0|fn_0042AEE0|function|0x50
0x0042AF30|fn_0042AF30|function|0x120
0x0042B050|fn_0042B050|function|0x120
0x0042B170|fn_0042B170|function|0x50
0x0042B1C0|fn_0042B1C0|function|0x20
0x0042B1E0|fn_0042B1E0|function|0x40
0x0042B220|fn_0042B220|function|0x20
0x0042B240|fn_0042B240|function|0x20
0x0042B260|fn_0042B260|function|0x220
0x0042B480|fn_0042B480|function|0xF0
0x0042B570|fn_0042B570|function|0x90
0x0042B600|fn_0042B600|function|0x80
0x0042B680|fn_0042B680|function|0x180
0x0042B800|fn_0042B800|function|0x2339
0x0042DB39|fn_0042DB39|function|0x197
0x0042DCD0|fn_0042DCD0|function|0x269
0x0042DF39|fn_0042DF39|function|0x4D7
0x0042E410|fn_0042E410|function|0x210
0x0042E620|fn_0042E620|function|0x10
0x0042E630|fn_0042E630|function|0x40
0x0042E670|fn_0042E670|function|0x40
0x0042E6B0|fn_0042E6B0|function|0x30
0x0042E6E0|fn_0042E6E0|function|0x30
0x0042E710|fn_0042E710|function|0x40
0x0042E750|fn_0042E750|function|0x190
0x0042E8E0|fn_0042E8E0|function|0x30
0x0042E910|fn_0042E910|function|0xC0
0x0042E9D0|fn_0042E9D0|function|0x70
0x0042EA40|fn_0042EA40|function|0xF9
0x0042EB39|fn_0042EB39|function|0xA
0x0042EB43|fn_0042EB43|function|0x1AD
0x0042ECF0|fn_0042ECF0|function|0x10
0x0042ED00|fn_0042ED00|function|0x90
0x0042ED90|fn_0042ED90|function|0x20
0x0042EDB0|fn_0042EDB0|function|0xF0
0x0042EEA0|fn_0042EEA0|function|0x60
0x0042EF00|fn_0042EF00|function|0x39
0x0042EF39|fn_0042EF39|function|0xD3
0x0042F00C|fn_0042F00C|function|0x14
0x0042F020|fn_0042F020|function|0x1A0
0x0042F1C0|fn_0042F1C0|function|0x10
0x0042F1D0|fn_0042F1D0|function|0x10
0x0042F1E0|fn_0042F1E0|function|0xA0
0x0042F280|fn_0042F280|function|0x10
0x0042F290|fn_0042F290|function|0x90
0x0042F320|fn_0042F320|function|0x19
0x0042F339|fn_0042F339|function|0x77
0x0042F3B0|fn_0042F3B0|function|0x124
0x0042F4D4|fn_0042F4D4|function|0x2C
0x0042F500|fn_0042F500|function|0x1F0
0x0042F6F0|fn_0042F6F0|function|0x49
0x0042F739|fn_0042F739|function|0x17
0x0042F750|fn_0042F750|function|0x80
0x0042F7D0|fn_0042F7D0|function|0xA0
0x0042F870|fn_0042F870|function|0x1E0
0x0042FA50|fn_0042FA50|function|0x30
0x0042FA80|fn_0042FA80|function|0x40
0x0042FAC0|fn_0042FAC0|function|0x100
0x0042FBC0|fn_0042FBC0|function|0x20
0x0042FBE0|fn_0042FBE0|function|0x20
0x0042FC00|fn_0042FC00|function|0x60
0x0042FC60|fn_0042FC60|function|0xE0
0x0042FD40|fn_0042FD40|function|0x210
0x0042FF50|fn_0042FF50|function|0x90
0x0042FFE0|fn_0042FFE0|function|0x50
0x00430030|fn_00430030|function|0x40
0x00430070|fn_00430070|function|0x6
0x00430076|fn_00430076|function|0x3A
0x004300B0|fn_004300B0|function|0x10
0x004300C0|fn_004300C0|function|0x50
0x00430110|fn_00430110|function|0xBE
0x004301CE|fn_004301CE|function|0x62
0x00430230|fn_00430230|function|0x20
0x00430250|fn_00430250|function|0x50
0x004302A0|fn_004302A0|function|0x10
0x004302B0|fn_004302B0|function|0x150
0x00430400|fn_00430400|function|0x30
0x00430430|fn_00430430|function|0x6A0
0x00430AD0|fn_00430AD0|function|0x40
0x00430B10|fn_00430B10|function|0x10
0x00430B20|fn_00430B20|function|0x60
0x00430B80|fn_00430B80|function|0x10
0x00430B90|fn_00430B90|function|0x30
0x00430BC0|fn_00430BC0|function|0x20
0x00430BE0|fn_00430BE0|function|0xA0
0x00430C80|fn_00430C80|function|0x9C0
0x00431640|fn_00431640|function|0x60
0x004316A0|fn_004316A0|function|0xE0
0x00431780|fn_00431780|function|0x60
0x004317E0|fn_004317E0|function|0x90
0x00431870|fn_00431870|function|0x10
0x00431880|fn_00431880|function|0x30
0x004318B0|fn_004318B0|function|0x10
0x004318C0|fn_004318C0|function|0x30
0x004318F0|fn_004318F0|function|0x10
0x00431900|fn_00431900|function|0x20
0x00431920|fn_00431920|function|0x80
0x004319A0|fn_004319A0|function|0x10
0x004319B0|fn_004319B0|function|0x30
0x004319E0|fn_004319E0|function|0x10
0x004319F0|fn_004319F0|function|0x20
0x00431A10|fn_00431A10|function|0x30
0x00431A40|fn_00431A40|function|0x130
0x00431B70|fn_00431B70|function|0x30
0x00431BA0|fn_00431BA0|function|0xC0
0x00431C60|fn_00431C60|function|0x50
0x00431CB0|fn_00431CB0|function|0x140
0x00431DF0|fn_00431DF0|function|0x10
0x00431E00|fn_00431E00|function|0x20
0x00431E20|fn_00431E20|function|0x50
0x00431E70|fn_00431E70|function|0x10
0x00431E80|fn_00431E80|function|0x380
0x00432200|fn_00432200|function|0x170
0x00432370|fn_00432370|function|0x60
0x004323D0|fn_004323D0|function|0x10
0x004323E0|fn_004323E0|function|0x30
0x00432410|fn_00432410|function|0xC0
0x004324D0|fn_004324D0|function|0x20
0x004324F0|fn_004324F0|function|0x170
0x00432660|fn_00432660|function|0x60
0x004326C0|fn_004326C0|function|0x50
0x00432710|fn_00432710|function|0x150
0x00432860|fn_00432860|function|0x40
0x004328A0|fn_004328A0|function|0x10
0x004328B0|fn_004328B0|function|0x4B0
0x00432D60|fn_00432D60|function|0x20
0x00432D80|fn_00432D80|function|0x10
0x00432D90|fn_00432D90|function|0x10
0x00432DA0|fn_00432DA0|function|0x10
0x00432DB0|fn_00432DB0|function|0xA0
0x00432E50|fn_00432E50|function|0x10
0x00432E60|fn_00432E60|function|0xF0
0x00432F50|fn_00432F50|function|0x20
0x00432F70|fn_00432F70|function|0x10
0x00432F80|fn_00432F80|function|0x30
0x00432FB0|fn_00432FB0|function|0xC0
0x00433070|fn_00433070|function|0x30
0x004330A0|fn_004330A0|function|0xC0
0x00433160|fn_00433160|function|0x30
0x00433190|fn_00433190|function|0xC0
0x00433250|fn_00433250|function|0x30
0x00433280|fn_00433280|function|0xC0
0x00433340|fn_00433340|function|0x50
0x00433390|fn_00433390|function|0x30
0x004333C0|fn_004333C0|function|0x40
0x00433400|fn_00433400|function|0x30
0x00433430|fn_00433430|function|0xC0
0x004334F0|fn_004334F0|function|0x90
0x00433580|fn_00433580|function|0x20
0x004335A0|fn_004335A0|function|0x110
0x004336B0|fn_004336B0|function|0x80
0x00433730|fn_00433730|function|0x20
0x00433750|fn_00433750|function|0x40
0x00433790|fn_00433790|function|0x1C0
0x00433950|fn_00433950|function|0x10
0x00433960|fn_00433960|function|0x40
0x004339A0|fn_004339A0|function|0x40
0x004339E0|fn_004339E0|function|0x10
0x004339F0|fn_004339F0|function|0x120
0x00433B10|fn_00433B10|function|0x60
0x00433B70|fn_00433B70|function|0x114
0x00433C84|fn_00433C84|function|0x1C
0x00433CA0|fn_00433CA0|function|0x70
0x00433D10|fn_00433D10|function|0x50
0x00433D60|fn_00433D60|function|0x150
0x00433EB0|fn_00433EB0|function|0x40
0x00433EF0|fn_00433EF0|function|0x50
0x00433F40|fn_00433F40|function|0x190
0x004340D0|fn_004340D0|function|0x1A0
0x00434270|fn_00434270|function|0xC8
0x00434338|fn_00434338|function|0x18
0x00434350|fn_00434350|function|0x50
0x004343A0|fn_004343A0|function|0x30
0x004343D0|fn_004343D0|function|0x70
0x00434440|fn_00434440|function|0x30
0x00434470|fn_00434470|function|0x40
0x004344B0|fn_004344B0|function|0x1A0
0x00434650|fn_00434650|function|0x10
0x00434660|fn_00434660|function|0x1E0
0x00434840|fn_00434840|function|0x30
0x00434870|fn_00434870|function|0x30
0x004348A0|fn_004348A0|function|0x10
0x004348B0|fn_004348B0|function|0x50
0x00434900|fn_00434900|function|0x10
0x00434910|fn_00434910|function|0x30
0x00434940|fn_00434940|function|0x30
0x00434970|fn_00434970|function|0x10
0x00434980|fn_00434980|function|0x30
0x004349B0|fn_004349B0|function|0x190
0x00434B40|fn_00434B40|function|0x2E0
0x00434E20|fn_00434E20|function|0x1E0
0x00435000|fn_00435000|function|0xB0
0x004350B0|fn_004350B0|function|0x130
0x004351E0|fn_004351E0|function|0x140
0x00435320|fn_00435320|function|0x90
0x004353B0|fn_004353B0|function|0x30
0x004353E0|fn_004353E0|function|0xC0
0x004354A0|fn_004354A0|function|0x80
0x00435520|fn_00435520|function|0xC0
0x004355E0|fn_004355E0|function|0xA10
0x00435FF0|fn_00435FF0|function|0x1E0
0x004361D0|fn_004361D0|function|0x410
0x004365E0|fn_004365E0|function|0x40
0x00436620|fn_00436620|function|0x440
0x00436A60|fn_00436A60|function|0x30
0x00436A90|fn_00436A90|function|0x170
0x00436C00|fn_00436C00|function|0x520
0x00437120|fn_00437120|function|0x10
0x00437130|fn_00437130|function|0x2D0
0x00437400|fn_00437400|function|0xA0
0x004374A0|fn_004374A0|function|0x10
0x004374B0|fn_004374B0|function|0x20
0x004374D0|fn_004374D0|function|0x90
0x00437560|fn_00437560|function|0x10
0x00437570|fn_00437570|function|0x20
0x00437590|fn_00437590|function|0x90
0x00437620|fn_00437620|function|0x10
0x00437630|fn_00437630|function|0x20
0x00437650|fn_00437650|function|0x10
0x00437660|fn_00437660|function|0x170
0x004377D0|fn_004377D0|function|0x30
0x00437800|fn_00437800|function|0xC0
0x004378C0|fn_004378C0|function|0x30
0x004378F0|fn_004378F0|function|0xC0
0x004379B0|fn_004379B0|function|0x30
0x004379E0|fn_004379E0|function|0x60
0x00437A40|fn_00437A40|function|0x1E0
0x00437C20|fn_00437C20|function|0x60
0x00437C80|fn_00437C80|function|0xF0
0x00437D70|fn_00437D70|function|0x90
0x00437E00|fn_00437E00|function|0x50
0x00437E50|fn_00437E50|function|0x1F0
0x00438040|fn_00438040|function|0x30
0x00438070|fn_00438070|function|0xC0
0x00438130|fn_00438130|function|0x422
0x00438552|fn_00438552|function|0x1E
0x00438570|fn_00438570|function|0x64
0x004385D4|level_mount_archives|function|0x40
0x00438614|fn_00438614|function|0xAC
0x004386C0|fn_004386C0|function|0x1C0
0x00438880|fn_00438880|function|0x170
0x004389F0|fn_004389F0|function|0xA0
0x00438A90|fn_00438A90|function|0x1F0
0x00438C80|fn_00438C80|function|0xE0
0x00438D60|fn_00438D60|function|0x10
0x00438D70|fn_00438D70|function|0x30
0x00438DA0|fn_00438DA0|function|0x20
0x00438DC0|fn_00438DC0|function|0x160
0x00438F20|fn_00438F20|function|0x10
0x00438F30|fn_00438F30|function|0x420
0x00439350|fn_00439350|function|0x20
0x00439370|fn_00439370|function|0xBA
0x0043942A|fn_0043942A|function|0x26
0x00439450|fn_00439450|function|0xB0
0x00439500|fn_00439500|function|0x10
0x00439510|fn_00439510|function|0x70
0x00439580|fn_00439580|function|0xA0
0x00439620|fn_00439620|function|0xB0
0x004396D0|fn_004396D0|function|0x80
0x00439750|fn_00439750|function|0xB0
0x00439800|fn_00439800|function|0x10
0x00439810|fn_00439810|function|0x30
0x00439840|fn_00439840|function|0xC0
0x00439900|fn_00439900|function|0x30
0x00439930|fn_00439930|function|0x270
0x00439BA0|fn_00439BA0|function|0x1B0
0x00439D50|fn_00439D50|function|0x30
0x00439D80|fn_00439D80|function|0x20
0x00439DA0|fn_00439DA0|function|0x30
0x00439DD0|fn_00439DD0|function|0x20
0x00439DF0|fn_00439DF0|function|0x30
0x00439E20|fn_00439E20|function|0x20
0x00439E40|fn_00439E40|function|0x10
0x00439E50|fn_00439E50|function|0x30
0x00439E80|fn_00439E80|function|0x220
0x0043A0A0|fn_0043A0A0|function|0xD0
0x0043A170|fn_0043A170|function|0x140
0x0043A2B0|fn_0043A2B0|function|0x30
0x0043A2E0|fn_0043A2E0|function|0x20
0x0043A300|fn_0043A300|function|0x30
0x0043A330|fn_0043A330|function|0x20
0x0043A350|fn_0043A350|function|0x20
0x0043A370|fn_0043A370|function|0x20
0x0043A390|fn_0043A390|function|0x10
0x0043A3A0|fn_0043A3A0|function|0x260
0x0043A600|fn_0043A600|function|0x50
0x0043A650|fn_0043A650|function|0x90
0x0043A6E0|fn_0043A6E0|function|0x90
0x0043A770|fn_0043A770|function|0x1D0
0x0043A940|fn_0043A940|function|0x20
0x0043A960|fn_0043A960|function|0x834
0x0043B194|fn_0043B194|function|0x3C
0x0043B1D0|fn_0043B1D0|function|0x90
0x0043B260|fn_0043B260|function|0x320
0x0043B580|fn_0043B580|function|0x20
0x0043B5A0|fn_0043B5A0|function|0x40
0x0043B5E0|fn_0043B5E0|function|0x57D
0x0043BB5D|fn_0043BB5D|function|0x323
0x0043BE80|fn_0043BE80|function|0x1E0
0x0043C060|fn_0043C060|function|0x5C0
0x0043C620|fn_0043C620|function|0x210
0x0043C830|fn_0043C830|function|0x330
0x0043CB60|fn_0043CB60|function|0x1CE
0x0043CD2E|fn_0043CD2E|function|0x22
0x0043CD50|fn_0043CD50|function|0x20
0x0043CD70|fn_0043CD70|function|0x410
0x0043D180|fn_0043D180|function|0xA0
0x0043D220|fn_0043D220|function|0x10
0x0043D230|fn_0043D230|function|0x20
0x0043D250|fn_0043D250|function|0x20
0x0043D270|fn_0043D270|function|0x10
0x0043D280|fn_0043D280|function|0x20
0x0043D2A0|fn_0043D2A0|function|0x20
0x0043D2C0|fn_0043D2C0|function|0x10
0x0043D2D0|fn_0043D2D0|function|0x20
0x0043D2F0|fn_0043D2F0|function|0x20
0x0043D310|fn_0043D310|function|0x10
0x0043D320|fn_0043D320|function|0x20
0x0043D340|fn_0043D340|function|0x20
0x0043D360|fn_0043D360|function|0x10
0x0043D370|fn_0043D370|function|0x20
0x0043D390|fn_0043D390|function|0x20
0x0043D3B0|fn_0043D3B0|function|0x10
0x0043D3C0|fn_0043D3C0|function|0x20
0x0043D3E0|fn_0043D3E0|function|0x20
0x0043D400|fn_0043D400|function|0x10
0x0043D410|fn_0043D410|function|0x20
0x0043D430|fn_0043D430|function|0x20
0x0043D450|fn_0043D450|function|0x10
0x0043D460|fn_0043D460|function|0x20
0x0043D480|fn_0043D480|function|0x20
0x0043D4A0|fn_0043D4A0|function|0x10
0x0043D4B0|fn_0043D4B0|function|0x20
0x0043D4D0|fn_0043D4D0|function|0x20
0x0043D4F0|fn_0043D4F0|function|0x30
0x0043D520|fn_0043D520|function|0x90
0x0043D5B0|fn_0043D5B0|function|0x30
0x0043D5E0|fn_0043D5E0|function|0x170
0x0043D750|fn_0043D750|function|0x30
0x0043D780|fn_0043D780|function|0x30
0x0043D7B0|fn_0043D7B0|function|0x40
0x0043D7F0|fn_0043D7F0|function|0x440
0x0043DC30|fn_0043DC30|function|0x70
0x0043DCA0|vfs_init_search_paths|function|0x280
0x0043DF20|fn_0043DF20|function|0x20
0x0043DF40|fn_0043DF40|function|0x2B0
0x0043E1F0|fn_0043E1F0|function|0x60
0x0043E250|fn_0043E250|function|0x1C0
0x0043E410|fn_0043E410|function|0x1D0
0x0043E5E0|_WinMain@16|function|0x45
0x0043E625|fn_0043E625|function|0x12
0x0043E637|fn_0043E637|function|0x29
0x0043E660|fn_0043E660|function|0x240
0x0043E8A0|fn_0043E8A0|function|0x40
0x0043E8E0|fn_0043E8E0|function|0x60
0x0043E940|level_archives_ready|function|0x70
0x0043E9B0|fn_0043E9B0|function|0x70
0x0043EA20|level_mount_fallback|function|0xE0
0x0043EB00|fn_0043EB00|function|0x30
0x0043EB30|fn_0043EB30|function|0x30
0x0043EB60|fn_0043EB60|function|0x10
0x0043EB70|fn_0043EB70|function|0x60
0x0043EBD0|fn_0043EBD0|function|0xC0
0x0043EC90|fn_0043EC90|function|0x30
0x0043ECC0|fn_0043ECC0|function|0xC0
0x0043ED80|fn_0043ED80|function|0x10
0x0043ED90|fn_0043ED90|function|0x30
0x0043EDC0|fn_0043EDC0|function|0x110
0x0043EED0|fn_0043EED0|function|0x20
0x0043EEF0|fn_0043EEF0|function|0x30
0x0043EF20|fn_0043EF20|function|0x10
0x0043EF30|fn_0043EF30|function|0x20
0x0043EF50|fn_0043EF50|function|0xA0
0x0043EFF0|fn_0043EFF0|function|0x90
0x0043F080|fn_0043F080|function|0x140
0x0043F1C0|fn_0043F1C0|function|0x60
0x0043F220|fn_0043F220|function|0x60
0x0043F280|fn_0043F280|function|0x50
0x0043F2D0|fn_0043F2D0|function|0x90
0x0043F360|fn_0043F360|function|0x50
0x0043F3B0|fn_0043F3B0|function|0x50
0x0043F400|fn_0043F400|function|0x20
0x0043F420|fn_0043F420|function|0x20
0x0043F440|fn_0043F440|function|0x10
0x0043F450|fn_0043F450|function|0x110
0x0043F560|fn_0043F560|function|0x70
0x0043F5D0|fn_0043F5D0|function|0x90
0x0043F660|fn_0043F660|function|0x40
0x0043F6A0|fn_0043F6A0|function|0x50
0x0043F6F0|fn_0043F6F0|function|0x50
0x0043F740|fn_0043F740|function|0x90
0x0043F7D0|fn_0043F7D0|function|0x140
0x0043F910|fn_0043F910|function|0x20
0x0043F930|fn_0043F930|function|0x40
0x0043F970|fn_0043F970|function|0x50
0x0043F9C0|fn_0043F9C0|function|0x10
0x0043F9D0|fn_0043F9D0|function|0x10
0x0043F9E0|fn_0043F9E0|function|0x30
0x0043FA10|fn_0043FA10|function|0x10
0x0043FA20|fn_0043FA20|function|0x10
0x0043FA30|fn_0043FA30|function|0x20
0x0043FA50|fn_0043FA50|function|0x10
0x0043FA60|fn_0043FA60|function|0x10
0x0043FA70|fn_0043FA70|function|0xF0
0x0043FB60|fn_0043FB60|function|0x110
0x0043FC70|fn_0043FC70|function|0x10
0x0043FC80|fn_0043FC80|function|0x10
0x0043FC90|fn_0043FC90|function|0x4E0
0x00440170|fn_00440170|function|0x30
0x004401A0|fn_004401A0|function|0x120
0x004402C0|fn_004402C0|function|0x30
0x004402F0|fn_004402F0|function|0x110
0x00440400|fn_00440400|function|0x10
0x00440410|fn_00440410|function|0x10
0x00440420|fn_00440420|function|0x20
0x00440440|fn_00440440|function|0x40
0x00440480|fn_00440480|function|0x20
0x004404A0|fn_004404A0|function|0x70
0x00440510|fn_00440510|function|0x50
0x00440560|fn_00440560|function|0x80
0x004405E0|fn_004405E0|function|0x70
0x00440650|fn_00440650|function|0x80
0x004406D0|fn_004406D0|function|0x16D
0x0044083D|fn_0044083D|function|0x23
0x00440860|fn_00440860|function|0x20
0x00440880|fn_00440880|function|0x20
0x004408A0|fn_004408A0|function|0x90
0x00440930|fn_00440930|function|0x1D6
0x00440B06|fn_00440B06|function|0x1A
0x00440B20|fn_00440B20|function|0x10
0x00440B30|fn_00440B30|function|0x10
0x00440B40|fn_00440B40|function|0x30
0x00440B70|fn_00440B70|function|0x20
0x00440B90|fn_00440B90|function|0x40
0x00440BD0|fn_00440BD0|function|0x30
0x00440C00|fn_00440C00|function|0x40
0x00440C40|fn_00440C40|function|0xE0
0x00440D20|fn_00440D20|function|0x50
0x00440D70|fn_00440D70|function|0x104
0x00440E74|fn_00440E74|function|0xAC
0x00440F20|fn_00440F20|function|0xE0
0x00441000|fn_00441000|function|0x134
0x00441134|fn_00441134|function|0x1C
0x00441150|fn_00441150|function|0xC0
0x00441210|fn_00441210|function|0x90
0x004412A0|fn_004412A0|function|0x130
0x004413D0|fn_004413D0|function|0xC0
0x00441490|fn_00441490|function|0xA0
0x00441530|fn_00441530|function|0x30
0x00441560|fn_00441560|function|0x10
0x00441570|fn_00441570|function|0x60
0x004415D0|fn_004415D0|function|0x40
0x00441610|fn_00441610|function|0x50
0x00441660|fn_00441660|function|0xB0
0x00441710|fn_00441710|function|0x50
0x00441760|fn_00441760|function|0xC0
0x00441820|fn_00441820|function|0x1B0
0x004419D0|fn_004419D0|function|0x60
0x00441A30|fn_00441A30|function|0x60
0x00441A90|fn_00441A90|function|0x80
0x00441B10|fn_00441B10|function|0x190
0x00441CA0|fn_00441CA0|function|0x100
0x00441DA0|fn_00441DA0|function|0xF0
0x00441E90|fn_00441E90|function|0x1D0
0x00442060|fn_00442060|function|0x1D0
0x00442230|fn_00442230|function|0x90
0x004422C0|fn_004422C0|function|0x90
0x00442350|fn_00442350|function|0x30
0x00442380|fn_00442380|function|0x230
0x004425B0|fn_004425B0|function|0x5E0
0x00442B90|fn_00442B90|function|0x1C60
0x004447F0|fn_004447F0|function|0x50
0x00444840|fn_00444840|function|0x20
0x00444860|fn_00444860|function|0x20
0x00444880|fn_00444880|function|0x20
0x004448A0|fn_004448A0|function|0x20
0x004448C0|fn_004448C0|function|0x20
0x004448E0|fn_004448E0|function|0x20
0x00444900|fn_00444900|function|0x20
0x00444920|fn_00444920|function|0x20
0x00444940|fn_00444940|function|0x8
0x00444948|fn_00444948|function|0x18
0x00444960|fn_00444960|function|0x20
0x00444980|fn_00444980|function|0x20
0x004449A0|fn_004449A0|function|0x20
0x004449C0|fn_004449C0|function|0x20
0x004449E0|fn_004449E0|function|0x20
0x00444A00|fn_00444A00|function|0x20
0x00444A20|fn_00444A20|function|0x30
0x00444A50|fn_00444A50|function|0xC0
0x00444B10|fn_00444B10|function|0x10
0x00444B20|fn_00444B20|function|0x20
0x00444B40|fn_00444B40|function|0x20
0x00444B60|fn_00444B60|function|0x10
0x00444B70|fn_00444B70|function|0x20
0x00444B90|fn_00444B90|function|0x20
0x00444BB0|fn_00444BB0|function|0x510
0x004450C0|fn_004450C0|function|0x230
0x004452F0|fn_004452F0|function|0x1450
0x00446740|fn_00446740|function|0x30
0x00446770|fn_00446770|function|0x20
0x00446790|fn_00446790|function|0x100
0x00446890|fn_00446890|function|0xA0
0x00446930|fn_00446930|function|0x90
0x004469C0|fn_004469C0|function|0x1C0
0x00446B80|fn_00446B80|function|0x50
0x00446BD0|fn_00446BD0|function|0x30
0x00446C00|fn_00446C00|function|0x40
0x00446C40|fn_00446C40|function|0x20
0x00446C60|fn_00446C60|function|0x50
0x00446CB0|fn_00446CB0|function|0x60
0x00446D10|fn_00446D10|function|0x60
0x00446D70|fn_00446D70|function|0x70
0x00446DE0|fn_00446DE0|function|0x40
0x00446E20|fn_00446E20|function|0x50
0x00446E70|fn_00446E70|function|0x20
0x00446E90|fn_00446E90|function|0x50A
0x0044739A|fn_0044739A|function|0x36
0x004473D0|fn_004473D0|function|0x20
0x004473F0|fn_004473F0|function|0x20
0x00447410|fn_00447410|function|0x34C
0x0044775C|fn_0044775C|function|0x24
0x00447780|fn_00447780|function|0xD0
0x00447850|fn_00447850|function|0x2C0
0x00447B10|fn_00447B10|function|0x370
0x00447E80|fn_00447E80|function|0x40
0x00447EC0|fn_00447EC0|function|0x60
0x00447F20|fn_00447F20|function|0xB5
0x00447FD5|fn_00447FD5|function|0x2B
0x00448000|fn_00448000|function|0x2A0
0x004482A0|fn_004482A0|function|0x200
0x004484A0|fn_004484A0|function|0x60
0x00448500|fn_00448500|function|0x1B0
0x004486B0|fn_004486B0|function|0x60
0x00448710|fn_00448710|function|0x80
0x00448790|fn_00448790|function|0x60
0x004487F0|fn_004487F0|function|0x10
0x00448800|fn_00448800|function|0x410
0x00448C10|fn_00448C10|function|0x70
0x00448C80|fn_00448C80|function|0x5E
0x00448CDE|fn_00448CDE|function|0x22
0x00448D00|fn_00448D00|function|0x40
0x00448D40|fn_00448D40|function|0x50
0x00448D90|fn_00448D90|function|0x50
0x00448DE0|fn_00448DE0|function|0x140
0x00448F20|fn_00448F20|function|0x40
0x00448F60|fn_00448F60|function|0x1A0
0x00449100|fn_00449100|function|0x100
0x00449200|fn_00449200|function|0x40
0x00449240|fn_00449240|function|0x50
0x00449290|fn_00449290|function|0x40
0x004492D0|fn_004492D0|function|0x40
0x00449310|fn_00449310|function|0xD0
0x004493E0|fn_004493E0|function|0x60
0x00449440|fn_00449440|function|0xD0
0x00449510|fn_00449510|function|0x50
0x00449560|fn_00449560|function|0x30
0x00449590|fn_00449590|function|0x2A0
0x00449830|fn_00449830|function|0x60
0x00449890|fn_00449890|function|0x80
0x00449910|fn_00449910|function|0x50
0x00449960|fn_00449960|function|0x60
0x004499C0|fn_004499C0|function|0x60
0x00449A20|fn_00449A20|function|0x10
0x00449A30|fn_00449A30|function|0xD0
0x00449B00|fn_00449B00|function|0x60
0x00449B60|fn_00449B60|function|0x20
0x00449B80|fn_00449B80|function|0x20
0x00449BA0|fn_00449BA0|function|0x30
0x00449BD0|fn_00449BD0|function|0x30
0x00449C00|fn_00449C00|function|0x190
0x00449D90|fn_00449D90|function|0x60
0x00449DF0|fn_00449DF0|function|0x30
0x00449E20|fn_00449E20|function|0xD0
0x00449EF0|fn_00449EF0|function|0x10
0x00449F00|fn_00449F00|function|0x30
0x00449F30|fn_00449F30|function|0x30
0x00449F60|fn_00449F60|function|0x130
0x0044A090|fn_0044A090|function|0x1170
0x0044B200|fn_0044B200|function|0x50
0x0044B250|fn_0044B250|function|0x30
0x0044B280|fn_0044B280|function|0x30
0x0044B2B0|fn_0044B2B0|function|0x20
0x0044B2D0|fn_0044B2D0|function|0x50
0x0044B320|fn_0044B320|function|0x20
0x0044B340|fn_0044B340|function|0x40
0x0044B380|fn_0044B380|function|0x30
0x0044B3B0|fn_0044B3B0|function|0x40
0x0044B3F0|fn_0044B3F0|function|0x40
0x0044B430|fn_0044B430|function|0x20
0x0044B450|fn_0044B450|function|0x50
0x0044B4A0|fn_0044B4A0|function|0x50
0x0044B4F0|fn_0044B4F0|function|0x10
0x0044B500|fn_0044B500|function|0x30
0x0044B530|fn_0044B530|function|0x20
0x0044B550|fn_0044B550|function|0x120
0x0044B670|fn_0044B670|function|0x20
0x0044B690|fn_0044B690|function|0x20
0x0044B6B0|fn_0044B6B0|function|0x20
0x0044B6D0|fn_0044B6D0|function|0x30
0x0044B700|fn_0044B700|function|0x20
0x0044B720|fn_0044B720|function|0x6C
0x0044B78C|fn_0044B78C|function|0x14
0x0044B7A0|fn_0044B7A0|function|0x1D88
0x0044D528|fn_0044D528|function|0x18
0x0044D540|fn_0044D540|function|0x330
0x0044D870|fn_0044D870|function|0x30
0x0044D8A0|fn_0044D8A0|function|0xA0
0x0044D940|fn_0044D940|function|0xB0
0x0044D9F0|fn_0044D9F0|function|0x10
0x0044DA00|fn_0044DA00|function|0x10
0x0044DA10|fn_0044DA10|function|0x20
0x0044DA30|fn_0044DA30|function|0x10
0x0044DA40|fn_0044DA40|function|0x10
0x0044DA50|fn_0044DA50|function|0x10
0x0044DA60|fn_0044DA60|function|0x20
0x0044DA80|fn_0044DA80|function|0x10
0x0044DA90|fn_0044DA90|function|0x10
0x0044DAA0|fn_0044DAA0|function|0x50
0x0044DAF0|fn_0044DAF0|function|0x10
0x0044DB00|fn_0044DB00|function|0x50
0x0044DB50|fn_0044DB50|function|0x10
0x0044DB60|fn_0044DB60|function|0x30
0x0044DB90|fn_0044DB90|function|0x20
0x0044DBB0|fn_0044DBB0|function|0x20
0x0044DBD0|fn_0044DBD0|function|0xA0
0x0044DC70|fn_0044DC70|function|0xC0
0x0044DD30|fn_0044DD30|function|0x80
0x0044DDB0|fn_0044DDB0|function|0x2B0
0x0044E060|fn_0044E060|function|0xF0
0x0044E150|fn_0044E150|function|0x70
0x0044E1C0|fn_0044E1C0|function|0xBD0
0x0044ED90|fn_0044ED90|function|0x20
0x0044EDB0|fn_0044EDB0|function|0x40
0x0044EDF0|fn_0044EDF0|function|0x230
0x0044F020|fn_0044F020|function|0x180
0x0044F1A0|fn_0044F1A0|function|0x450
0x0044F5F0|fn_0044F5F0|function|0x290
0x0044F880|fn_0044F880|function|0x1A0
0x0044FA20|fn_0044FA20|function|0x90
0x0044FAB0|fn_0044FAB0|function|0x510
0x0044FFC0|fn_0044FFC0|function|0x260
0x00450220|fn_00450220|function|0x200
0x00450420|fn_00450420|function|0x430
0x00450850|fn_00450850|function|0x420
0x00450C70|fn_00450C70|function|0x120
0x00450D90|fn_00450D90|function|0xA0
0x00450E30|fn_00450E30|function|0x22A0
0x004530D0|fn_004530D0|function|0x5F0
0x004536C0|fn_004536C0|function|0x130
0x004537F0|fn_004537F0|function|0x880
0x00454070|fn_00454070|function|0x240
0x004542B0|fn_004542B0|function|0x40
0x004542F0|fn_004542F0|function|0x40
0x00454330|fn_00454330|function|0x2E0
0x00454610|fn_00454610|function|0x30
0x00454640|fn_00454640|function|0x30
0x00454670|fn_00454670|function|0x40
0x004546B0|fn_004546B0|function|0x50
0x00454700|fn_00454700|function|0x544
0x00454C44|fn_00454C44|function|0xFD
0x00454D41|fn_00454D41|function|0x20F
0x00454F50|fn_00454F50|function|0xA0
0x00454FF0|fn_00454FF0|function|0x38C
0x0045537C|fn_0045537C|function|0x24
0x004553A0|fn_004553A0|function|0xAA
0x0045544A|fn_0045544A|function|0x4C9
0x00455913|fn_00455913|function|0x3D
0x00455950|fn_00455950|function|0x40
0x00455990|fn_00455990|function|0x50
0x004559E0|fn_004559E0|function|0x50
0x00455A30|fn_00455A30|function|0x20
0x00455A50|fn_00455A50|function|0x20
0x00455A70|fn_00455A70|function|0x20
0x00455A90|fn_00455A90|function|0x90
0x00455B20|fn_00455B20|function|0x2E0
0x00455E00|fn_00455E00|function|0x70
0x00455E70|fn_00455E70|function|0xE0
0x00455F50|fn_00455F50|function|0x60
0x00455FB0|fn_00455FB0|function|0x7A0
0x00456750|fn_00456750|function|0x190
0x004568E0|fn_004568E0|function|0xE0
0x004569C0|fn_004569C0|function|0x510
0x00456ED0|fn_00456ED0|function|0xB0
0x00456F80|fn_00456F80|function|0x30
0x00456FB0|fn_00456FB0|function|0x120
0x004570D0|fn_004570D0|function|0x20
0x004570F0|fn_004570F0|function|0x30
0x00457120|fn_00457120|function|0x30
0x00457150|fn_00457150|function|0x1687
0x004587D7|fn_004587D7|function|0x19
0x004587F0|fn_004587F0|function|0x10
0x00458800|fn_00458800|function|0x1903
0x0045A103|fn_0045A103|function|0x1D
0x0045A120|fn_0045A120|function|0x5C0
0x0045A6E0|fn_0045A6E0|function|0x160
0x0045A840|fn_0045A840|function|0xF0
0x0045A930|fn_0045A930|function|0x1D0
0x0045AB00|fn_0045AB00|function|0xB80
0x0045B680|fn_0045B680|function|0x30
0x0045B6B0|fn_0045B6B0|function|0x30
0x0045B6E0|fn_0045B6E0|function|0x814
0x0045BEF4|fn_0045BEF4|function|0x7C
0x0045BF70|fn_0045BF70|function|0x3D0
0x0045C340|fn_0045C340|function|0x970
0x0045CCB0|fn_0045CCB0|function|0x50
0x0045CD00|fn_0045CD00|function|0x7C0
0x0045D4C0|fn_0045D4C0|function|0x80
0x0045D540|fn_0045D540|function|0x150
0x0045D690|fn_0045D690|function|0x1A0
0x0045D830|fn_0045D830|function|0x150
0x0045D980|fn_0045D980|function|0xE0
0x0045DA60|fn_0045DA60|function|0x2C7
0x0045DD27|fn_0045DD27|function|0x59
0x0045DD80|fn_0045DD80|function|0xA0
0x0045DE20|fn_0045DE20|function|0x80
0x0045DEA0|fn_0045DEA0|function|0x21D5
0x00460075|fn_00460075|function|0x11B
0x00460190|fn_00460190|function|0xCC8
0x00460E58|fn_00460E58|function|0xC8
0x00460F20|fn_00460F20|function|0x379
0x00461299|fn_00461299|function|0xD7
0x00461370|fn_00461370|function|0x40
0x004613B0|fn_004613B0|function|0x40
0x004613F0|fn_004613F0|function|0x60
0x00461450|fn_00461450|function|0x80
0x004614D0|fn_004614D0|function|0x30
0x00461500|fn_00461500|function|0x40
0x00461540|fn_00461540|function|0xE0
0x00461620|fn_00461620|function|0x50
0x00461670|fn_00461670|function|0x80
0x004616F0|fn_004616F0|function|0x50
0x00461740|fn_00461740|function|0xB0
0x004617F0|fn_004617F0|function|0x50
0x00461840|fn_00461840|function|0x20
0x00461860|fn_00461860|function|0x10
0x00461870|fn_00461870|function|0x20
0x00461890|fn_00461890|function|0xF0
0x00461980|fn_00461980|function|0x10
0x00461990|fn_00461990|function|0x20
0x004619B0|fn_004619B0|function|0x120
0x00461AD0|fn_00461AD0|function|0x90
0x00461B60|fn_00461B60|function|0x20
0x00461B80|fn_00461B80|function|0x240
0x00461DC0|fn_00461DC0|function|0x220
0x00461FE0|fn_00461FE0|function|0x90
0x00462070|fn_00462070|function|0x190
0x00462200|fn_00462200|function|0x60
0x00462260|fn_00462260|function|0x50
0x004622B0|fn_004622B0|function|0xD0
0x00462380|fn_00462380|function|0x80
0x00462400|fn_00462400|function|0x40
0x00462440|fn_00462440|function|0x100
0x00462540|fn_00462540|function|0x120
0x00462660|fn_00462660|function|0x50
0x004626B0|fn_004626B0|function|0x110
0x004627C0|fn_004627C0|function|0x50
0x00462810|fn_00462810|function|0x30
0x00462840|fn_00462840|function|0x60
0x004628A0|fn_004628A0|function|0x16D
0x00462A0D|fn_00462A0D|function|0x13
0x00462A20|fn_00462A20|function|0x260
0x00462C80|fn_00462C80|function|0xA0
0x00462D20|fn_00462D20|function|0x20
0x00462D40|fn_00462D40|function|0x20
0x00462D60|fn_00462D60|function|0x10
0x00462D70|fn_00462D70|function|0x10
0x00462D80|fn_00462D80|function|0x60
0x00462DE0|fn_00462DE0|function|0x60
0x00462E40|fn_00462E40|function|0x80
0x00462EC0|fn_00462EC0|function|0x162
0x00463022|fn_00463022|function|0x2E
0x00463050|fn_00463050|function|0x30
0x00463080|fn_00463080|function|0x90
0x00463110|fn_00463110|function|0x30
0x00463140|fn_00463140|function|0x40
0x00463180|fn_00463180|function|0x30
0x004631B0|fn_004631B0|function|0xC0
0x00463270|fn_00463270|function|0x30
0x004632A0|fn_004632A0|function|0xC0
0x00463360|fn_00463360|function|0x30
0x00463390|fn_00463390|function|0xC0
0x00463450|fn_00463450|function|0x30
0x00463480|fn_00463480|function|0xC0
0x00463540|fn_00463540|function|0xA0
0x004635E0|fn_004635E0|function|0x40
0x00463620|fn_00463620|function|0x40
0x00463660|fn_00463660|function|0x40
0x004636A0|fn_004636A0|function|0x90
0x00463730|fn_00463730|function|0xA0
0x004637D0|fn_004637D0|function|0x60
0x00463830|fn_00463830|function|0x30
0x00463860|fn_00463860|function|0x2E0
0x00463B40|fn_00463B40|function|0x50
0x00463B90|fn_00463B90|function|0x50
0x00463BE0|fn_00463BE0|function|0x20
0x00463C00|fn_00463C00|function|0x410
0x00464010|fn_00464010|function|0x30
0x00464040|fn_00464040|function|0xC0
0x00464100|fn_00464100|function|0x474
0x00464574|fn_00464574|function|0x7C
0x004645F0|fn_004645F0|function|0x9E
0x0046468E|fn_0046468E|function|0x59F
0x00464C2D|fn_00464C2D|function|0x83
0x00464CB0|fn_00464CB0|function|0x50
0x00464D00|fn_00464D00|function|0xE0
0x00464DE0|fn_00464DE0|function|0x69
0x00464E49|fn_00464E49|function|0x107
0x00464F50|fn_00464F50|function|0x3
0x00464F53|fn_00464F53|function|0x3DA
0x0046532D|fn_0046532D|function|0x9F7
0x00465D24|fn_00465D24|function|0xDBC
0x00466AE0|fn_00466AE0|function|0x224
0x00466D04|fn_00466D04|function|0x145C
0x00468160|fn_00468160|function|0x50
0x004681B0|fn_004681B0|function|0x20
0x004681D0|fn_004681D0|function|0x10
0x004681E0|fn_004681E0|function|0x10
0x004681F0|fn_004681F0|function|0x20
0x00468210|fn_00468210|function|0x3B0
0x004685C0|fn_004685C0|function|0x180
0x00468740|fn_00468740|function|0x350
0x00468A90|fn_00468A90|function|0x30
0x00468AC0|fn_00468AC0|function|0x1C0
0x00468C80|fn_00468C80|function|0x10
0x00468C90|fn_00468C90|function|0x20
0x00468CB0|fn_00468CB0|function|0x20
0x00468CD0|fn_00468CD0|function|0xC0
0x00468D90|fn_00468D90|function|0x30
0x00468DC0|fn_00468DC0|function|0x20
0x00468DE0|fn_00468DE0|function|0x20
0x00468E00|fn_00468E00|function|0x30
0x00468E30|fn_00468E30|function|0x1E0
0x00469010|fn_00469010|function|0x70
0x00469080|fn_00469080|function|0xC0
0x00469140|fn_00469140|function|0x20
0x00469160|fn_00469160|function|0x20
0x00469180|fn_00469180|function|0x30
0x004691B0|fn_004691B0|function|0x30
0x004691E0|fn_004691E0|function|0x3A0
0x00469580|fn_00469580|function|0x150
0x004696D0|fn_004696D0|function|0x50
0x00469720|fn_00469720|function|0xC0
0x004697E0|fn_004697E0|function|0x10
0x004697F0|fn_004697F0|function|0x20
0x00469810|fn_00469810|function|0x20
0x00469830|fn_00469830|function|0x10
0x00469840|fn_00469840|function|0x10
0x00469850|fn_00469850|function|0x30
0x00469880|fn_00469880|function|0x20
0x004698A0|fn_004698A0|function|0x20
0x004698C0|fn_004698C0|function|0x40
0x00469900|fn_00469900|function|0x170
0x00469A70|fn_00469A70|function|0xA0
0x00469B10|fn_00469B10|function|0x30
0x00469B40|fn_00469B40|function|0x20
0x00469B60|fn_00469B60|function|0xE0
0x00469C40|fn_00469C40|function|0x190
0x00469DD0|fn_00469DD0|function|0x40
0x00469E10|fn_00469E10|function|0x1A0
0x00469FB0|fn_00469FB0|function|0x10
0x00469FC0|fn_00469FC0|function|0xF0
0x0046A0B0|fn_0046A0B0|function|0x35
0x0046A0E5|fn_0046A0E5|function|0x1B
0x0046A100|fn_0046A100|function|0x30
0x0046A130|fn_0046A130|function|0x80
0x0046A1B0|fn_0046A1B0|function|0x490
0x0046A640|fn_0046A640|function|0xD0
0x0046A710|fn_0046A710|function|0x80
0x0046A790|fn_0046A790|function|0x50
0x0046A7E0|fn_0046A7E0|function|0xB0
0x0046A890|fn_0046A890|function|0x90
0x0046A920|fn_0046A920|function|0x40
0x0046A960|fn_0046A960|function|0xD0
0x0046AA30|fn_0046AA30|function|0x130
0x0046AB60|fn_0046AB60|function|0xC0
0x0046AC20|fn_0046AC20|function|0xB0
0x0046ACD0|fn_0046ACD0|function|0x40
0x0046AD10|fn_0046AD10|function|0xE0
0x0046ADF0|fn_0046ADF0|function|0x180
0x0046AF70|fn_0046AF70|function|0x1C0
0x0046B130|fn_0046B130|function|0x70
0x0046B1A0|fn_0046B1A0|function|0x40
0x0046B1E0|fn_0046B1E0|function|0x20
0x0046B200|fn_0046B200|function|0x10
0x0046B210|fn_0046B210|function|0x10
0x0046B220|fn_0046B220|function|0x110
0x0046B330|fn_0046B330|function|0x60
0x0046B390|fn_0046B390|function|0x40
0x0046B3D0|fn_0046B3D0|function|0x90
0x0046B460|fn_0046B460|function|0x50
0x0046B4B0|fn_0046B4B0|function|0x100
0x0046B5B0|fn_0046B5B0|function|0x20
0x0046B5D0|fn_0046B5D0|function|0x20
0x0046B5F0|fn_0046B5F0|function|0x50
0x0046B640|fn_0046B640|function|0x20
0x0046B660|fn_0046B660|function|0x20
0x0046B680|fn_0046B680|function|0x20
0x0046B6A0|fn_0046B6A0|function|0x10
0x0046B6B0|fn_0046B6B0|function|0x1C0
0x0046B870|fn_0046B870|function|0x110
0x0046B980|fn_0046B980|function|0x180
0x0046BB00|fn_0046BB00|function|0x30
0x0046BB30|fn_0046BB30|function|0x80
0x0046BBB0|fn_0046BBB0|function|0x50
0x0046BC00|fn_0046BC00|function|0x100
0x0046BD00|fn_0046BD00|function|0x30
0x0046BD30|fn_0046BD30|function|0x30
0x0046BD60|fn_0046BD60|function|0x40
0x0046BDA0|fn_0046BDA0|function|0x20
0x0046BDC0|fn_0046BDC0|function|0x30
0x0046BDF0|fn_0046BDF0|function|0x3D9
0x0046C1C9|fn_0046C1C9|function|0x77
0x0046C240|fn_0046C240|function|0x13E
0x0046C37E|fn_0046C37E|function|0x62
0x0046C3E0|fn_0046C3E0|function|0x30
0x0046C410|fn_0046C410|function|0xD0
0x0046C4E0|fn_0046C4E0|function|0x60
0x0046C540|fn_0046C540|function|0x30
0x0046C570|fn_0046C570|function|0x60
0x0046C5D0|fn_0046C5D0|function|0x1F0
0x0046C7C0|fn_0046C7C0|function|0x10
0x0046C7D0|fn_0046C7D0|function|0xB0
0x0046C880|fn_0046C880|function|0x70
0x0046C8F0|fn_0046C8F0|function|0x50
0x0046C940|fn_0046C940|function|0x110
0x0046CA50|fn_0046CA50|function|0xE0
0x0046CB30|fn_0046CB30|function|0x20
0x0046CB50|fn_0046CB50|function|0x100
0x0046CC50|fn_0046CC50|function|0x10
0x0046CC60|fn_0046CC60|function|0x20
0x0046CC80|fn_0046CC80|function|0x430
0x0046D0B0|fn_0046D0B0|function|0x3A0
0x0046D450|fn_0046D450|function|0x1C0
0x0046D610|fn_0046D610|function|0x410
0x0046DA20|fn_0046DA20|function|0x10
0x0046DA30|fn_0046DA30|function|0x30
0x0046DA60|fn_0046DA60|function|0x20
0x0046DA80|fn_0046DA80|function|0x2B0
0x0046DD30|fn_0046DD30|function|0x10
0x0046DD40|fn_0046DD40|function|0x50
0x0046DD90|fn_0046DD90|function|0x30
0x0046DDC0|fn_0046DDC0|function|0x30
0x0046DDF0|fn_0046DDF0|function|0xC0
0x0046DEB0|fn_0046DEB0|function|0x30
0x0046DEE0|fn_0046DEE0|function|0xC0
0x0046DFA0|fn_0046DFA0|function|0x30
0x0046DFD0|fn_0046DFD0|function|0xC0
0x0046E090|fn_0046E090|function|0x30
0x0046E0C0|fn_0046E0C0|function|0x50
0x0046E110|fn_0046E110|function|0x30
0x0046E140|fn_0046E140|function|0x60
0x0046E1A0|fn_0046E1A0|function|0x10
0x0046E1B0|fn_0046E1B0|function|0x760
0x0046E910|fn_0046E910|function|0x2D0
0x0046EBE0|fn_0046EBE0|function|0x520
0x0046F100|fn_0046F100|function|0x110
0x0046F210|fn_0046F210|function|0xB0
0x0046F2C0|fn_0046F2C0|function|0xE0
0x0046F3A0|fn_0046F3A0|function|0xC0
0x0046F460|fn_0046F460|function|0x100
0x0046F560|fn_0046F560|function|0x100
0x0046F660|fn_0046F660|function|0x70
0x0046F6D0|fn_0046F6D0|function|0x1A0
0x0046F870|fn_0046F870|function|0xC0
0x0046F930|fn_0046F930|function|0x60
0x0046F990|fn_0046F990|function|0x420
0x0046FDB0|fn_0046FDB0|function|0x10
0x0046FDC0|fn_0046FDC0|function|0x130
0x0046FEF0|fn_0046FEF0|function|0x60
0x0046FF50|fn_0046FF50|function|0x50
0x0046FFA0|fn_0046FFA0|function|0x40
0x0046FFE0|fn_0046FFE0|function|0x20
0x00470000|fn_00470000|function|0x150
0x00470150|fn_00470150|function|0x40
0x00470190|fn_00470190|function|0x50
0x004701E0|fn_004701E0|function|0x40
0x00470220|fn_00470220|function|0xE0
0x00470300|fn_00470300|function|0x110
0x00470410|fn_00470410|function|0x150
0x00470560|fn_00470560|function|0x50
0x004705B0|fn_004705B0|function|0x20
0x004705D0|fn_004705D0|function|0x20
0x004705F0|fn_004705F0|function|0x110
0x00470700|fn_00470700|function|0x40
0x00470740|fn_00470740|function|0x50
0x00470790|fn_00470790|function|0x90
0x00470820|fn_00470820|function|0x40
0x00470860|fn_00470860|function|0x220
0x00470A80|fn_00470A80|function|0xE0
0x00470B60|fn_00470B60|function|0x10
0x00470B70|fn_00470B70|function|0x40
0x00470BB0|fn_00470BB0|function|0x10
0x00470BC0|fn_00470BC0|function|0x250
0x00470E10|fn_00470E10|function|0x20
0x00470E30|fn_00470E30|function|0x20
0x00470E50|fn_00470E50|function|0x20
0x00470E70|fn_00470E70|function|0x20
0x00470E90|fn_00470E90|function|0x40
0x00470ED0|fn_00470ED0|function|0xB0
0x00470F80|fn_00470F80|function|0xC0
0x00471040|fn_00471040|function|0xF0
0x00471130|fn_00471130|function|0x90
0x004711C0|fn_004711C0|function|0x90
0x00471250|fn_00471250|function|0xA0
0x004712F0|fn_004712F0|function|0x80
0x00471370|fn_00471370|function|0x130
0x004714A0|fn_004714A0|function|0x100
0x004715A0|fn_004715A0|function|0x150
0x004716F0|fn_004716F0|function|0x130
0x00471820|fn_00471820|function|0x1C0
0x004719E0|fn_004719E0|function|0x90
0x00471A70|fn_00471A70|function|0xC0
0x00471B30|fn_00471B30|function|0x80
0x00471BB0|fn_00471BB0|function|0xA0
0x00471C50|fn_00471C50|function|0x80
0x00471CD0|fn_00471CD0|function|0xA0
0x00471D70|fn_00471D70|function|0x80
0x00471DF0|fn_00471DF0|function|0x150
0x00471F40|fn_00471F40|function|0x50
0x00471F90|fn_00471F90|function|0x60
0x00471FF0|fn_00471FF0|function|0x20
0x00472010|fn_00472010|function|0x20
0x00472030|fn_00472030|function|0x30
0x00472060|fn_00472060|function|0x50
0x004720B0|fn_004720B0|function|0x30
0x004720E0|fn_004720E0|function|0x80
0x00472160|fn_00472160|function|0x30
0x00472190|fn_00472190|function|0x70
0x00472200|fn_00472200|function|0xF0
0x004722F0|fn_004722F0|function|0x90
0x00472380|fn_00472380|function|0xA0
0x00472420|fn_00472420|function|0x30
0x00472450|fn_00472450|function|0x190
0x004725E0|fn_004725E0|function|0xC0
0x004726A0|fn_004726A0|function|0x30
0x004726D0|fn_004726D0|function|0x95
0x00472765|fn_00472765|function|0x1B
0x00472780|fn_00472780|function|0xC0
0x00472840|fn_00472840|function|0x170
0x004729B0|fn_004729B0|function|0xE0
0x00472A90|fn_00472A90|function|0x3AD
0x00472E3D|fn_00472E3D|function|0x43
0x00472E80|fn_00472E80|function|0x240
0x004730C0|fn_004730C0|function|0x20
0x004730E0|fn_004730E0|function|0x20
0x00473100|fn_00473100|function|0x20
0x00473120|fn_00473120|function|0x30
0x00473150|fn_00473150|function|0x20
0x00473170|fn_00473170|function|0x20
0x00473190|fn_00473190|function|0x20
0x004731B0|fn_004731B0|function|0x20
0x004731D0|fn_004731D0|function|0x10
0x004731E0|fn_004731E0|function|0x20
0x00473200|fn_00473200|function|0x30
0x00473230|fn_00473230|function|0x30
0x00473260|fn_00473260|function|0x70
0x004732D0|fn_004732D0|function|0x30
0x00473300|fn_00473300|function|0x20
0x00473320|fn_00473320|function|0x2BE
0x004735DE|fn_004735DE|function|0x22
0x00473600|fn_00473600|function|0x10
0x00473610|fn_00473610|function|0x10
0x00473620|fn_00473620|function|0x40
0x00473660|fn_00473660|function|0x40
0x004736A0|fn_004736A0|function|0xB0
0x00473750|fn_00473750|function|0x50
0x004737A0|fn_004737A0|function|0xE0
0x00473880|fn_00473880|function|0x40
0x004738C0|fn_004738C0|function|0x80
0x00473940|fn_00473940|function|0x30
0x00473970|fn_00473970|function|0x70
0x004739E0|fn_004739E0|function|0x60
0x00473A40|fn_00473A40|function|0x50
0x00473A90|fn_00473A90|function|0x30
0x00473AC0|fn_00473AC0|function|0x100
0x00473BC0|fn_00473BC0|function|0x80
0x00473C40|fn_00473C40|function|0x140
0x00473D80|fn_00473D80|function|0xD0
0x00473E50|fn_00473E50|function|0xF0
0x00473F40|fn_00473F40|function|0x30
0x00473F70|fn_00473F70|function|0x60
0x00473FD0|fn_00473FD0|function|0xF0
0x004740C0|fn_004740C0|function|0x20
0x004740E0|fn_004740E0|function|0x50
0x00474130|fn_00474130|function|0x30
0x00474160|fn_00474160|function|0x30
0x00474190|fn_00474190|function|0x40
0x004741D0|fn_004741D0|function|0xE0
0x004742B0|fn_004742B0|function|0xA0
0x00474350|fn_00474350|function|0x40
0x00474390|fn_00474390|function|0x50
0x004743E0|fn_004743E0|function|0xA0
0x00474480|fn_00474480|function|0x20
0x004744A0|fn_004744A0|function|0x40
0x004744E0|fn_004744E0|function|0x40
0x00474520|fn_00474520|function|0x60
0x00474580|fn_00474580|function|0x50
0x004745D0|fn_004745D0|function|0x50
0x00474620|fn_00474620|function|0x30
0x00474650|fn_00474650|function|0x40
0x00474690|fn_00474690|function|0x40
0x004746D0|fn_004746D0|function|0x110
0x004747E0|fn_004747E0|function|0x120
0x00474900|fn_00474900|function|0x50
0x00474950|fn_00474950|function|0x35C
0x00474CAC|fn_00474CAC|function|0x34
0x00474CE0|fn_00474CE0|function|0x30
0x00474D10|fn_00474D10|function|0xD0
0x00474DE0|fn_00474DE0|function|0x30
0x00474E10|fn_00474E10|function|0x39
0x00474E49|fn_00474E49|function|0x87
0x00474ED0|fn_00474ED0|function|0x30
0x00474F00|fn_00474F00|function|0xD0
0x00474FD0|fn_00474FD0|function|0x10
0x00474FE0|fn_00474FE0|function|0x10
0x00474FF0|fn_00474FF0|function|0x10
0x00475000|fn_00475000|function|0x30
0x00475030|fn_00475030|function|0x60
0x00475090|fn_00475090|function|0x20
0x004750B0|fn_004750B0|function|0xB0
0x00475160|fn_00475160|function|0x20
0x00475180|fn_00475180|function|0x50
0x004751D0|fn_004751D0|function|0x30
0x00475200|fn_00475200|function|0x40
0x00475240|fn_00475240|function|0x40
0x00475280|fn_00475280|function|0x40
0x004752C0|fn_004752C0|function|0x40
0x00475300|fn_00475300|function|0x2D
0x0047532D|fn_0047532D|function|0x4
0x00475331|fn_00475331|function|0x1C
0x0047534D|fn_0047534D|function|0x33
0x00475380|fn_00475380|function|0xB0
0x00475430|fn_00475430|function|0x2F
0x0047545F|fn_0047545F|function|0x171
0x004755D0|fn_004755D0|function|0x40
0x00475610|fn_00475610|function|0x50
0x00475660|fn_00475660|function|0x80
0x004756E0|fn_004756E0|function|0xA0
0x00475780|fn_00475780|function|0x8C
0x0047580C|fn_0047580C|function|0x24
0x00475830|fn_00475830|function|0x4A1
0x00475CD1|fn_00475CD1|function|0xDF
0x00475DB0|fn_00475DB0|function|0x20
0x00475DD0|fn_00475DD0|function|0x30
0x00475E00|fn_00475E00|function|0x30
0x00475E30|fn_00475E30|function|0x80
0x00475EB0|fn_00475EB0|function|0x100
0x00475FB0|fn_00475FB0|function|0x46
0x00475FF6|fn_00475FF6|function|0x2A
0x00476020|fn_00476020|function|0x170
0x00476190|fn_00476190|function|0x170
0x00476300|fn_00476300|function|0x80
0x00476380|fn_00476380|function|0x20
0x004763A0|fn_004763A0|function|0x221
0x004765C1|fn_004765C1|function|0x4F
0x00476610|fn_00476610|function|0x60
0x00476670|fn_00476670|function|0x30
0x004766A0|fn_004766A0|function|0x20
0x004766C0|fn_004766C0|function|0x30
0x004766F0|fn_004766F0|function|0x98
0x00476788|fn_00476788|function|0x18
0x004767A0|fn_004767A0|function|0xC9
0x00476869|fn_00476869|function|0x57
0x004768C0|fn_004768C0|function|0x80
0x00476940|fn_00476940|function|0xB0
0x004769F0|fn_004769F0|function|0x40
0x00476A30|fn_00476A30|function|0x80
0x00476AB0|fn_00476AB0|function|0x350
0x00476E00|fn_00476E00|function|0x80
0x00476E80|fn_00476E80|function|0x60
0x00476EE0|fn_00476EE0|function|0x50
0x00476F30|fn_00476F30|function|0x150
0x00477080|fn_00477080|function|0x200
0x00477280|fn_00477280|function|0xC0
0x00477340|fn_00477340|function|0x90
0x004773D0|fn_004773D0|function|0x80
0x00477450|fn_00477450|function|0x50
0x004774A0|fn_004774A0|function|0xA0
0x00477540|fn_00477540|function|0x40
0x00477580|fn_00477580|function|0x40
0x004775C0|fn_004775C0|function|0x20
0x004775E0|fn_004775E0|function|0x10
0x004775F0|fn_004775F0|function|0x10
0x00477600|fn_00477600|function|0xA0
0x004776A0|fn_004776A0|function|0x10
0x004776B0|fn_004776B0|function|0x10
0x004776C0|fn_004776C0|function|0x60
0x00477720|fn_00477720|function|0x50
0x00477770|fn_00477770|function|0x10
0x00477780|fn_00477780|function|0x20
0x004777A0|fn_004777A0|function|0x50
0x004777F0|fn_004777F0|function|0x60
0x00477850|fn_00477850|function|0x60
0x004778B0|fn_004778B0|function|0x30
0x004778E0|fn_004778E0|function|0x80
0x00477960|fn_00477960|function|0x30
0x00477990|fn_00477990|function|0xC0
0x00477A50|fn_00477A50|function|0x30
0x00477A80|fn_00477A80|function|0x70
0x00477AF0|fn_00477AF0|function|0x1B0
0x00477CA0|fn_00477CA0|function|0x200
0x00477EA0|fn_00477EA0|function|0x70
0x00477F10|fn_00477F10|function|0x50
0x00477F60|fn_00477F60|function|0x1D0
0x00478130|fn_00478130|function|0x320
0x00478450|fn_00478450|function|0x90
0x004784E0|fn_004784E0|function|0x40
0x00478520|fn_00478520|function|0x1E0
0x00478700|fn_00478700|function|0xB0
0x004787B0|fn_004787B0|function|0xE0
0x00478890|fn_00478890|function|0x50
0x004788E0|fn_004788E0|function|0x50
0x00478930|fn_00478930|function|0x30
0x00478960|fn_00478960|function|0x3C0
0x00478D20|fn_00478D20|function|0x20
0x00478D40|fn_00478D40|function|0x30
0x00478D70|fn_00478D70|function|0x90
0x00478E00|fn_00478E00|function|0x70
0x00478E70|fn_00478E70|function|0xF0
0x00478F60|fn_00478F60|function|0x70
0x00478FD0|fn_00478FD0|function|0x20
0x00478FF0|fn_00478FF0|function|0xE0
0x004790D0|fn_004790D0|function|0xA0
0x00479170|fn_00479170|function|0x30
0x004791A0|fn_004791A0|function|0x120
0x004792C0|fn_004792C0|function|0x170
0x00479430|fn_00479430|function|0x10
0x00479440|fn_00479440|function|0x40
0x00479480|fn_00479480|function|0x220
0x004796A0|fn_004796A0|function|0xA0
0x00479740|fn_00479740|function|0x50
0x00479790|fn_00479790|function|0x20
0x004797B0|fn_004797B0|function|0x20
0x004797D0|fn_004797D0|function|0x20
0x004797F0|fn_004797F0|function|0x40
0x00479830|fn_00479830|function|0x40
0x00479870|fn_00479870|function|0x40
0x004798B0|fn_004798B0|function|0x80
0x00479930|fn_00479930|function|0x130
0x00479A60|fn_00479A60|function|0x70
0x00479AD0|fn_00479AD0|function|0x90
0x00479B60|fn_00479B60|function|0x180
0x00479CE0|fn_00479CE0|function|0x450
0x0047A130|fn_0047A130|function|0x10
0x0047A140|fn_0047A140|function|0x10
0x0047A150|fn_0047A150|function|0x20
0x0047A170|fn_0047A170|function|0x20
0x0047A190|fn_0047A190|function|0x530
0x0047A6C0|fn_0047A6C0|function|0xA0
0x0047A760|fn_0047A760|function|0x10
0x0047A770|fn_0047A770|function|0x50
0x0047A7C0|fn_0047A7C0|function|0x40
0x0047A800|fn_0047A800|function|0x30
0x0047A830|fn_0047A830|function|0x40
0x0047A870|fn_0047A870|function|0x10
0x0047A880|fn_0047A880|function|0x10
0x0047A890|fn_0047A890|function|0x30
0x0047A8C0|fn_0047A8C0|function|0x6A
0x0047A92A|fn_0047A92A|function|0x96
0x0047A9C0|fn_0047A9C0|function|0x6C
0x0047AA2C|fn_0047AA2C|function|0x54
0x0047AA80|fn_0047AA80|function|0x56
0x0047AAD6|fn_0047AAD6|function|0x8A
0x0047AB60|fn_0047AB60|function|0x48
0x0047ABA8|fn_0047ABA8|function|0x38
0x0047ABE0|fn_0047ABE0|function|0x105E
0x0047BC3E|fn_0047BC3E|function|0x8D2
0x0047C510|fn_0047C510|function|0xC0
0x0047C5D0|fn_0047C5D0|function|0xBE3
0x0047D1B3|fn_0047D1B3|function|0x26D
0x0047D420|fn_0047D420|function|0xAA8
0x0047DEC8|fn_0047DEC8|function|0x118
0x0047DFE0|fn_0047DFE0|function|0x40
0x0047E020|fn_0047E020|function|0x70
0x0047E090|fn_0047E090|function|0x440
0x0047E4D0|fn_0047E4D0|function|0xC0
0x0047E590|fn_0047E590|function|0xF0
0x0047E680|fn_0047E680|function|0x40
0x0047E6C0|fn_0047E6C0|function|0x170
0x0047E830|fn_0047E830|function|0xB0
0x0047E8E0|fn_0047E8E0|function|0x20
0x0047E900|fn_0047E900|function|0x970
0x0047F270|fn_0047F270|function|0x30
0x0047F2A0|fn_0047F2A0|function|0x1AD
0x0047F44D|fn_0047F44D|function|0x83
0x0047F4D0|fn_0047F4D0|function|0x190
0x0047F660|fn_0047F660|function|0x70
0x0047F6D0|fn_0047F6D0|function|0x30
0x0047F700|fn_0047F700|function|0x30
0x0047F730|fn_0047F730|function|0x130
0x0047F860|fn_0047F860|function|0x140
0x0047F9A0|fn_0047F9A0|function|0x20
0x0047F9C0|fn_0047F9C0|function|0x160
0x0047FB20|fn_0047FB20|function|0x1A0
0x0047FCC0|fn_0047FCC0|function|0x130
0x0047FDF0|fn_0047FDF0|function|0x120
0x0047FF10|fn_0047FF10|function|0xF0
0x00480000|fn_00480000|function|0x70
0x00480070|fn_00480070|function|0x180
0x004801F0|fn_004801F0|function|0x340
0x00480530|fn_00480530|function|0x170
0x004806A0|fn_004806A0|function|0x280
0x00480920|fn_00480920|function|0x90
0x004809B0|fn_004809B0|function|0x60
0x00480A10|fn_00480A10|function|0x80
0x00480A90|fn_00480A90|function|0x60
0x00480AF0|fn_00480AF0|function|0x70
0x00480B60|fn_00480B60|function|0x40
0x00480BA0|fn_00480BA0|function|0xC0
0x00480C60|fn_00480C60|function|0x60
0x00480CC0|fn_00480CC0|function|0xB0
0x00480D70|fn_00480D70|function|0x70
0x00480DE0|fn_00480DE0|function|0x80
0x00480E60|fn_00480E60|function|0x50
0x00480EB0|fn_00480EB0|function|0xB0
0x00480F60|fn_00480F60|function|0x70
0x00480FD0|fn_00480FD0|function|0x80
0x00481050|fn_00481050|function|0x40
0x00481090|fn_00481090|function|0xA0
0x00481130|fn_00481130|function|0x20
0x00481150|fn_00481150|function|0x50
0x004811A0|fn_004811A0|function|0x30
0x004811D0|fn_004811D0|function|0x90
0x00481260|fn_00481260|function|0x40
0x004812A0|fn_004812A0|function|0xA0
0x00481340|fn_00481340|function|0xEE
0x0048142E|fn_0048142E|function|0x32
0x00481460|fn_00481460|function|0x80
0x004814E0|fn_004814E0|function|0xB0
0x00481590|fn_00481590|function|0x30
0x004815C0|fn_004815C0|function|0xC0
0x00481680|fn_00481680|function|0x20
0x004816A0|fn_004816A0|function|0x20
0x004816C0|fn_004816C0|function|0x20
0x004816E0|fn_004816E0|function|0x30
0x00481710|fn_00481710|function|0x90
0x004817A0|fn_004817A0|function|0x30
0x004817D0|fn_004817D0|function|0x90
0x00481860|fn_00481860|function|0x30
0x00481890|fn_00481890|function|0xC0
0x00481950|fn_00481950|function|0x30
0x00481980|fn_00481980|function|0xC0
0x00481A40|fn_00481A40|function|0x30
0x00481A70|fn_00481A70|function|0xC0
0x00481B30|fn_00481B30|function|0x30
0x00481B60|fn_00481B60|function|0xE0
0x00481C40|fn_00481C40|function|0x1C0
0x00481E00|fn_00481E00|function|0x40
0x00481E40|fn_00481E40|function|0x10
0x00481E50|fn_00481E50|function|0x20
0x00481E70|fn_00481E70|function|0x30
0x00481EA0|fn_00481EA0|function|0xC0
0x00481F60|fn_00481F60|function|0x30
0x00481F90|fn_00481F90|function|0xC0
0x00482050|fn_00482050|function|0x20
0x00482070|fn_00482070|function|0x20
0x00482090|fn_00482090|function|0x20
0x004820B0|fn_004820B0|function|0x30
0x004820E0|fn_004820E0|function|0x30
0x00482110|fn_00482110|function|0xF0
0x00482200|fn_00482200|function|0x650
0x00482850|fn_00482850|function|0x190
0x004829E0|fn_004829E0|function|0x342
0x00482D22|fn_00482D22|function|0x1E
0x00482D40|fn_00482D40|function|0x30
0x00482D70|fn_00482D70|function|0xB0
0x00482E20|fn_00482E20|function|0x420
0x00483240|fn_00483240|function|0x20
0x00483260|fn_00483260|function|0x150
0x004833B0|fn_004833B0|function|0x80
0x00483430|fn_00483430|function|0x140
0x00483570|fn_00483570|function|0x2E0
0x00483850|fn_00483850|function|0xA0
0x004838F0|fn_004838F0|function|0x2B0
0x00483BA0|fn_00483BA0|function|0x3F0
0x00483F90|fn_00483F90|function|0x250
0x004841E0|fn_004841E0|function|0x1A0
0x00484380|fn_00484380|function|0x60
0x004843E0|fn_004843E0|function|0x220
0x00484600|fn_00484600|function|0x230
0x00484830|fn_00484830|function|0x90
0x004848C0|fn_004848C0|function|0x1E0
0x00484AA0|fn_00484AA0|function|0x40
0x00484AE0|fn_00484AE0|function|0x350
0x00484E30|fn_00484E30|function|0x270
0x004850A0|fn_004850A0|function|0x2E0
0x00485380|fn_00485380|function|0x490
0x00485810|fn_00485810|function|0xE0
0x004858F0|fn_004858F0|function|0xAA8
0x00486398|fn_00486398|function|0x18
0x004863B0|fn_004863B0|function|0x170
0x00486520|fn_00486520|function|0x80
0x004865A0|fn_004865A0|function|0x350
0x004868F0|fn_004868F0|function|0x150
0x00486A40|fn_00486A40|function|0x70
0x00486AB0|fn_00486AB0|function|0x50
0x00486B00|fn_00486B00|function|0x10
0x00486B10|fn_00486B10|function|0x80
0x00486B90|fn_00486B90|function|0x30
0x00486BC0|fn_00486BC0|function|0x20
0x00486BE0|fn_00486BE0|function|0x10
0x00486BF0|fn_00486BF0|function|0x30
0x00486C20|fn_00486C20|function|0x40
0x00486C60|fn_00486C60|function|0xE0
0x00486D40|fn_00486D40|function|0x2F0
0x00487030|fn_00487030|function|0x50
0x00487080|fn_00487080|function|0x30
0x004870B0|fn_004870B0|function|0x30
0x004870E0|fn_004870E0|function|0x20
0x00487100|fn_00487100|function|0x50
0x00487150|fn_00487150|function|0x40
0x00487190|fn_00487190|function|0x20
0x004871B0|fn_004871B0|function|0x30
0x004871E0|fn_004871E0|function|0x10
0x004871F0|fn_004871F0|function|0x20
0x00487210|fn_00487210|function|0x20
0x00487230|fn_00487230|function|0x80
0x004872B0|fn_004872B0|function|0x20
0x004872D0|fn_004872D0|function|0xA0
0x00487370|fn_00487370|function|0xD0
0x00487440|fn_00487440|function|0x80
0x004874C0|fn_004874C0|function|0x170
0x00487630|fn_00487630|function|0x80
0x004876B0|fn_004876B0|function|0xA0
0x00487750|fn_00487750|function|0x10
0x00487760|fn_00487760|function|0xA0
0x00487800|fn_00487800|function|0xA0
0x004878A0|fn_004878A0|function|0xB0
0x00487950|fn_00487950|function|0x120
0x00487A70|fn_00487A70|function|0xA0
0x00487B10|fn_00487B10|function|0x80
0x00487B90|fn_00487B90|function|0x80
0x00487C10|fn_00487C10|function|0xF0
0x00487D00|fn_00487D00|function|0xB0
0x00487DB0|fn_00487DB0|function|0x20
0x00487DD0|fn_00487DD0|function|0x10
0x00487DE0|fn_00487DE0|function|0x40
0x00487E20|fn_00487E20|function|0x80
0x00487EA0|fn_00487EA0|function|0x190
0x00488030|fn_00488030|function|0x40
0x00488070|fn_00488070|function|0xC0
0x00488130|fn_00488130|function|0x70
0x004881A0|fn_004881A0|function|0x90
0x00488230|fn_00488230|function|0xC0
0x004882F0|fn_004882F0|function|0xA0
0x00488390|fn_00488390|function|0xC0
0x00488450|fn_00488450|function|0xA0
0x004884F0|fn_004884F0|function|0x100
0x004885F0|fn_004885F0|function|0x110
0x00488700|fn_00488700|function|0xE0
0x004887E0|fn_004887E0|function|0xF0
0x004888D0|fn_004888D0|function|0xF0
0x004889C0|fn_004889C0|function|0x60
0x00488A20|fn_00488A20|function|0x90
0x00488AB0|fn_00488AB0|function|0x50
0x00488B00|fn_00488B00|function|0xA0
0x00488BA0|fn_00488BA0|function|0x60
0x00488C00|fn_00488C00|function|0x50
0x00488C50|fn_00488C50|function|0x90
0x00488CE0|fn_00488CE0|function|0x70
0x00488D50|fn_00488D50|function|0x50
0x00488DA0|fn_00488DA0|function|0x110
0x00488EB0|fn_00488EB0|function|0x110
0x00488FC0|fn_00488FC0|function|0x160
0x00489120|fn_00489120|function|0x310
0x00489430|fn_00489430|function|0x230
0x00489660|fn_00489660|function|0xD0
0x00489730|fn_00489730|function|0x10
0x00489740|fn_00489740|function|0x20
0x00489760|fn_00489760|function|0x30
0x00489790|fn_00489790|function|0x30
0x004897C0|fn_004897C0|function|0x30
0x004897F0|fn_004897F0|function|0x130
0x00489920|fn_00489920|function|0x10
0x00489930|fn_00489930|function|0xA0
0x004899D0|fn_004899D0|function|0x60
0x00489A30|fn_00489A30|function|0x30
0x00489A60|fn_00489A60|function|0x40
0x00489AA0|fn_00489AA0|function|0x20
0x00489AC0|fn_00489AC0|function|0x130
0x00489BF0|fn_00489BF0|function|0x30
0x00489C20|fn_00489C20|function|0x20
0x00489C40|fn_00489C40|function|0x10
0x00489C50|fn_00489C50|function|0x30
0x00489C80|fn_00489C80|function|0x10
0x00489C90|fn_00489C90|function|0x20
0x00489CB0|fn_00489CB0|function|0x30
0x00489CE0|fn_00489CE0|function|0x50
0x00489D30|fn_00489D30|function|0x90
0x00489DC0|fn_00489DC0|function|0x140
0x00489F00|fn_00489F00|function|0x10
0x00489F10|fn_00489F10|function|0x150
0x0048A060|fn_0048A060|function|0x30
0x0048A090|fn_0048A090|function|0x50
0x0048A0E0|fn_0048A0E0|function|0x10
0x0048A0F0|fn_0048A0F0|function|0xA0
0x0048A190|fn_0048A190|function|0x40
0x0048A1D0|fn_0048A1D0|function|0x20
0x0048A1F0|fn_0048A1F0|function|0x10
0x0048A200|fn_0048A200|function|0x30
0x0048A230|fn_0048A230|function|0x13CD
0x0048B5FD|fn_0048B5FD|function|0x93
0x0048B690|fn_0048B690|function|0xC0
0x0048B750|fn_0048B750|function|0x50
0x0048B7A0|fn_0048B7A0|function|0x5E0
0x0048BD80|fn_0048BD80|function|0x40
0x0048BDC0|fn_0048BDC0|function|0x2C0
0x0048C080|fn_0048C080|function|0xC0
0x0048C140|fn_0048C140|function|0xE0
0x0048C220|fn_0048C220|function|0x1C0
0x0048C3E0|fn_0048C3E0|function|0x90
0x0048C470|fn_0048C470|function|0xD0
0x0048C540|fn_0048C540|function|0x80
0x0048C5C0|fn_0048C5C0|function|0x70
0x0048C630|fn_0048C630|function|0x270
0x0048C8A0|fn_0048C8A0|function|0x100
0x0048C9A0|fn_0048C9A0|function|0xA0
0x0048CA40|fn_0048CA40|function|0x70
0x0048CAB0|fn_0048CAB0|function|0x90
0x0048CB40|fn_0048CB40|function|0x120
0x0048CC60|fn_0048CC60|function|0xC0
0x0048CD20|fn_0048CD20|function|0xD0
0x0048CDF0|fn_0048CDF0|function|0x60
0x0048CE50|fn_0048CE50|function|0x50
0x0048CEA0|fn_0048CEA0|function|0xB0
0x0048CF50|fn_0048CF50|function|0x30
0x0048CF80|fn_0048CF80|function|0x40
0x0048CFC0|fn_0048CFC0|function|0x40
0x0048D000|fn_0048D000|function|0xA0
0x0048D0A0|fn_0048D0A0|function|0x60
0x0048D100|fn_0048D100|function|0x80
0x0048D180|fn_0048D180|function|0x30
0x0048D1B0|fn_0048D1B0|function|0x20
0x0048D1D0|fn_0048D1D0|function|0xB0
0x0048D280|fn_0048D280|function|0x30
0x0048D2B0|fn_0048D2B0|function|0x3B0
0x0048D660|fn_0048D660|function|0x70
0x0048D6D0|fn_0048D6D0|function|0x50
0x0048D720|fn_0048D720|function|0x50
0x0048D770|fn_0048D770|function|0x50
0x0048D7C0|fn_0048D7C0|function|0x370
0x0048DB30|fn_0048DB30|function|0x30
0x0048DB60|fn_0048DB60|function|0x20
0x0048DB80|fn_0048DB80|function|0x20
0x0048DBA0|fn_0048DBA0|function|0x20
0x0048DBC0|fn_0048DBC0|function|0x20
0x0048DBE0|fn_0048DBE0|function|0x20
0x0048DC00|fn_0048DC00|function|0x20
0x0048DC20|fn_0048DC20|function|0x30
0x0048DC50|fn_0048DC50|function|0x90
0x0048DCE0|fn_0048DCE0|function|0x30
0x0048DD10|fn_0048DD10|function|0x90
0x0048DDA0|fn_0048DDA0|function|0x30
0x0048DDD0|fn_0048DDD0|function|0x90
0x0048DE60|fn_0048DE60|function|0x5E0
0x0048E440|fn_0048E440|function|0x20
0x0048E460|fn_0048E460|function|0x10
0x0048E470|fn_0048E470|function|0x80
0x0048E4F0|fn_0048E4F0|function|0x30
0x0048E520|fn_0048E520|function|0x1A0
0x0048E6C0|fn_0048E6C0|function|0x1200
0x0048F8C0|fn_0048F8C0|function|0x2F0
0x0048FBB0|fn_0048FBB0|function|0x1E0
0x0048FD90|fn_0048FD90|function|0x20
0x0048FDB0|fn_0048FDB0|function|0x1730
0x004914E0|fn_004914E0|function|0x20
0x00491500|fn_00491500|function|0x15E0
0x00492AE0|fn_00492AE0|function|0x20
0x00492B00|fn_00492B00|function|0x30
0x00492B30|fn_00492B30|function|0x30
0x00492B60|fn_00492B60|function|0x40
0x00492BA0|fn_00492BA0|function|0xB0
0x00492C50|fn_00492C50|function|0x50
0x00492CA0|fn_00492CA0|function|0x90
0x00492D30|fn_00492D30|function|0x80
0x00492DB0|fn_00492DB0|function|0x250
0x00493000|fn_00493000|function|0x40
0x00493040|fn_00493040|function|0x40
0x00493080|fn_00493080|function|0x50
0x004930D0|fn_004930D0|function|0x150
0x00493220|fn_00493220|function|0x70
0x00493290|fn_00493290|function|0x2E0
0x00493570|fn_00493570|function|0x150
0x004936C0|fn_004936C0|function|0x400
0x00493AC0|fn_00493AC0|function|0x220
0x00493CE0|fn_00493CE0|function|0x80
0x00493D60|fn_00493D60|function|0x30
0x00493D90|fn_00493D90|function|0xC0
0x00493E50|fn_00493E50|function|0x60
0x00493EB0|fn_00493EB0|function|0x30
0x00493EE0|fn_00493EE0|function|0x20
0x00493F00|fn_00493F00|function|0x20
0x00493F20|fn_00493F20|function|0x20
0x00493F40|fn_00493F40|function|0x20
0x00493F60|fn_00493F60|function|0x10
0x00493F70|fn_00493F70|function|0x10
0x00493F80|fn_00493F80|function|0x20
0x00493FA0|fn_00493FA0|function|0x20
0x00493FC0|fn_00493FC0|function|0x10
0x00493FD0|fn_00493FD0|function|0x340
0x00494310|fn_00494310|function|0xC0
0x004943D0|fn_004943D0|function|0x10
0x004943E0|fn_004943E0|function|0x10
0x004943F0|fn_004943F0|function|0x10
0x00494400|fn_00494400|function|0x280
0x00494680|fn_00494680|function|0x20
0x004946A0|fn_004946A0|function|0x20
0x004946C0|fn_004946C0|function|0x20
0x004946E0|fn_004946E0|function|0x50
0x00494730|fn_00494730|function|0x40
0x00494770|fn_00494770|function|0x130
0x004948A0|fn_004948A0|function|0x150
0x004949F0|fn_004949F0|function|0xC0
0x00494AB0|fn_00494AB0|function|0xD0
0x00494B80|fn_00494B80|function|0x20
0x00494BA0|fn_00494BA0|function|0x470
0x00495010|fn_00495010|function|0xA0
0x004950B0|fn_004950B0|function|0x30
0x004950E0|fn_004950E0|function|0xC0
0x004951A0|fn_004951A0|function|0x30
0x004951D0|fn_004951D0|function|0xC0
0x00495290|fn_00495290|function|0x80
0x00495310|fn_00495310|function|0x30
0x00495340|fn_00495340|function|0x30
0x00495370|fn_00495370|function|0x30
0x004953A0|fn_004953A0|function|0x70
0x00495410|fn_00495410|function|0x10
0x00495420|fn_00495420|function|0x30
0x00495450|fn_00495450|function|0x20
0x00495470|fn_00495470|function|0x30
0x004954A0|fn_004954A0|function|0x1AD
0x0049564D|fn_0049564D|function|0x15
0x00495662|fn_00495662|function|0x1F3E
0x004975A0|fn_004975A0|function|0x40
0x004975E0|fn_004975E0|function|0x30
0x00497610|fn_00497610|function|0x40
0x00497650|fn_00497650|function|0x100
0x00497750|fn_00497750|function|0xF0
0x00497840|fn_00497840|function|0x50
0x00497890|fn_00497890|function|0x1B0
0x00497A40|fn_00497A40|function|0x80
0x00497AC0|fn_00497AC0|function|0x30
0x00497AF0|fn_00497AF0|function|0x30
0x00497B20|fn_00497B20|function|0x30
0x00497B50|fn_00497B50|function|0x90
0x00497BE0|fn_00497BE0|function|0x40
0x00497C20|fn_00497C20|function|0x30
0x00497C50|fn_00497C50|function|0x20
0x00497C70|fn_00497C70|function|0x30
0x00497CA0|fn_00497CA0|function|0x20
0x00497CC0|fn_00497CC0|function|0x70
0x00497D30|fn_00497D30|function|0xBD0
0x00498900|fn_00498900|function|0x10
0x00498910|fn_00498910|function|0xC0
0x004989D0|fn_004989D0|function|0xE40
0x00499810|fn_00499810|function|0x30
0x00499840|fn_00499840|function|0x590
0x00499DD0|fn_00499DD0|function|0x50
0x00499E20|fn_00499E20|function|0x30
0x00499E50|fn_00499E50|function|0x40
0x00499E90|fn_00499E90|function|0x30
0x00499EC0|fn_00499EC0|function|0x40
0x00499F00|fn_00499F00|function|0x30
0x00499F30|fn_00499F30|function|0x90
0x00499FC0|fn_00499FC0|function|0x30
0x00499FF0|fn_00499FF0|function|0x20
0x0049A010|fn_0049A010|function|0x40
0x0049A050|fn_0049A050|function|0x30
0x0049A080|fn_0049A080|function|0x20
0x0049A0A0|fn_0049A0A0|function|0x20
0x0049A0C0|fn_0049A0C0|function|0x200
0x0049A2C0|fn_0049A2C0|function|0x160
0x0049A420|fn_0049A420|function|0x90
0x0049A4B0|fn_0049A4B0|function|0x130
0x0049A5E0|fn_0049A5E0|function|0xE0
0x0049A6C0|fn_0049A6C0|function|0x170
0x0049A830|fn_0049A830|function|0x680
0x0049AEB0|fn_0049AEB0|function|0x190
0x0049B040|fn_0049B040|function|0x10F0
0x0049C130|fn_0049C130|function|0xB0
0x0049C1E0|fn_0049C1E0|function|0x60
0x0049C240|fn_0049C240|function|0x3D0
0x0049C610|fn_0049C610|function|0x60
0x0049C670|fn_0049C670|function|0xB0
0x0049C720|fn_0049C720|function|0x30
0x0049C750|fn_0049C750|function|0x70
0x0049C7C0|fn_0049C7C0|function|0x80
0x0049C840|fn_0049C840|function|0x30
0x0049C870|fn_0049C870|function|0xC0
0x0049C930|fn_0049C930|function|0x20
0x0049C950|fn_0049C950|function|0x20
0x0049C970|fn_0049C970|function|0xB0
0x0049CA20|fn_0049CA20|function|0xD0
0x0049CAF0|fn_0049CAF0|function|0xE0
0x0049CBD0|fn_0049CBD0|function|0x80
0x0049CC50|fn_0049CC50|function|0x140
0x0049CD90|fn_0049CD90|function|0x40
0x0049CDD0|fn_0049CDD0|function|0xB60
0x0049D930|fn_0049D930|function|0x40
0x0049D970|fn_0049D970|function|0x10
0x0049D980|fn_0049D980|function|0x70
0x0049D9F0|fn_0049D9F0|function|0x130
0x0049DB20|fn_0049DB20|function|0xC0
0x0049DBE0|fn_0049DBE0|function|0x40
0x0049DC20|fn_0049DC20|function|0x430
0x0049E050|fn_0049E050|function|0x70
0x0049E0C0|fn_0049E0C0|function|0x50
0x0049E110|fn_0049E110|function|0x360
0x0049E470|fn_0049E470|function|0x1B0
0x0049E620|fn_0049E620|function|0x2A0
0x0049E8C0|fn_0049E8C0|function|0x3F0
0x0049ECB0|fn_0049ECB0|function|0x1D0
0x0049EE80|fn_0049EE80|function|0x4C0
0x0049F340|fn_0049F340|function|0x310
0x0049F650|fn_0049F650|function|0x1C0
0x0049F810|fn_0049F810|function|0x260
0x0049FA70|fn_0049FA70|function|0x760
0x004A01D0|fn_004A01D0|function|0x100
0x004A02D0|fn_004A02D0|function|0x60
0x004A0330|fn_004A0330|function|0x90
0x004A03C0|fn_004A03C0|function|0x80
0x004A0440|fn_004A0440|function|0x20
0x004A0460|fn_004A0460|function|0x20
0x004A0480|fn_004A0480|function|0x20
0x004A04A0|fn_004A04A0|function|0x10
0x004A04B0|fn_004A04B0|function|0x20
0x004A04D0|fn_004A04D0|function|0x130
0x004A0600|fn_004A0600|function|0x130
0x004A0730|fn_004A0730|function|0xDA
0x004A080A|fn_004A080A|function|0xB6
0x004A08C0|fn_004A08C0|function|0x940
0x004A1200|fn_004A1200|function|0x69
0x004A1269|fn_004A1269|function|0xA7
0x004A1310|fn_004A1310|function|0xA0
0x004A13B0|fn_004A13B0|function|0x140
0x004A14F0|fn_004A14F0|function|0x21
0x004A1511|fn_004A1511|function|0x8F
0x004A15A0|fn_004A15A0|function|0x5D
0x004A15FD|fn_004A15FD|function|0xA3
0x004A16A0|fn_004A16A0|function|0x56
0x004A16F6|fn_004A16F6|function|0x3CA
0x004A1AC0|fn_004A1AC0|function|0x2C
0x004A1AEC|fn_004A1AEC|function|0x84
0x004A1B70|fn_004A1B70|function|0x58
0x004A1BC8|fn_004A1BC8|function|0x18
0x004A1BE0|fn_004A1BE0|function|0x58
0x004A1C38|fn_004A1C38|function|0x18
0x004A1C50|fn_004A1C50|function|0x140
0x004A1D90|fn_004A1D90|function|0x30
0x004A1DC0|fn_004A1DC0|function|0x130
0x004A1EF0|fn_004A1EF0|function|0xF0
0x004A1FE0|fn_004A1FE0|function|0x90
0x004A2070|fn_004A2070|function|0x140
0x004A21B0|fn_004A21B0|function|0x6A
0x004A221A|fn_004A221A|function|0x146
0x004A2360|fn_004A2360|function|0x48
0x004A23A8|fn_004A23A8|function|0x78
0x004A2420|fn_004A2420|function|0x48
0x004A2468|fn_004A2468|function|0x18
0x004A2480|fn_004A2480|function|0x40
0x004A24C0|fn_004A24C0|function|0x21
0x004A24E1|fn_004A24E1|function|0x7F
0x004A2560|fn_004A2560|function|0x30
0x004A2590|fn_004A2590|function|0x160
0x004A26F0|fn_004A26F0|function|0xED
0x004A27DD|fn_004A27DD|function|0x93
0x004A2870|fn_004A2870|function|0x40
0x004A28B0|fn_004A28B0|function|0x40
0x004A28F0|fn_004A28F0|function|0x30
0x004A2920|fn_004A2920|function|0x420
0x004A2D40|fn_004A2D40|function|0x10
0x004A2D50|fn_004A2D50|function|0x20
0x004A2D70|fn_004A2D70|function|0x30
0x004A2DA0|fn_004A2DA0|function|0x610
0x004A33B0|fn_004A33B0|function|0x60
0x004A3410|fn_004A3410|function|0x30
0x004A3440|fn_004A3440|function|0x90
0x004A34D0|fn_004A34D0|function|0x10
0x004A34E0|fn_004A34E0|function|0x90
0x004A3570|fn_004A3570|function|0x10
0x004A3580|fn_004A3580|function|0xC0
0x004A3640|fn_004A3640|function|0x60
0x004A36A0|fn_004A36A0|function|0x50
0x004A36F0|fn_004A36F0|function|0x10
0x004A3700|fn_004A3700|function|0xD0
0x004A37D0|fn_004A37D0|function|0x40
0x004A3810|fn_004A3810|function|0x20
0x004A3830|fn_004A3830|function|0x20
0x004A3850|fn_004A3850|function|0x20
0x004A3870|fn_004A3870|function|0x20
0x004A3890|fn_004A3890|function|0x550
0x004A3DE0|fn_004A3DE0|function|0x30
0x004A3E10|fn_004A3E10|function|0x70
0x004A3E80|fn_004A3E80|function|0x30
0x004A3EB0|fn_004A3EB0|function|0x40
0x004A3EF0|fn_004A3EF0|function|0x3F0
0x004A42E0|fn_004A42E0|function|0x40
0x004A4320|basis_copy|function|0x40
0x004A4360|fn_004A4360|function|0x150
0x004A44B0|fn_004A44B0|function|0x1F0
0x004A46A0|fn_004A46A0|function|0x1E0
0x004A4880|fn_004A4880|function|0x10
0x004A4890|fn_004A4890|function|0x2B0
0x004A4B40|fn_004A4B40|function|0x70
0x004A4BB0|fn_004A4BB0|function|0x2B0
0x004A4E60|fn_004A4E60|function|0x60
0x004A4EC0|fn_004A4EC0|function|0x20
0x004A4EE0|fn_004A4EE0|function|0x20
0x004A4F00|fn_004A4F00|function|0x30
0x004A4F30|fn_004A4F30|function|0x30
0x004A4F60|fn_004A4F60|function|0x50
0x004A4FB0|fn_004A4FB0|function|0x420
0x004A53D0|fn_004A53D0|function|0xE0
0x004A54B0|fn_004A54B0|function|0xC0
0x004A5570|fn_004A5570|function|0x80
0x004A55F0|fn_004A55F0|function|0x160
0x004A5750|fn_004A5750|function|0x480
0x004A5BD0|fn_004A5BD0|function|0x90
0x004A5C60|fn_004A5C60|function|0xE0
0x004A5D40|fn_004A5D40|function|0x80
0x004A5DC0|fn_004A5DC0|function|0x40
0x004A5E00|fn_004A5E00|function|0x20
0x004A5E20|fn_004A5E20|function|0x10
0x004A5E30|fn_004A5E30|function|0x80
0x004A5EB0|fn_004A5EB0|function|0xC0
0x004A5F70|fn_004A5F70|function|0xF0
0x004A6060|fn_004A6060|function|0x43C
0x004A649C|fn_004A649C|function|0x14
0x004A64B0|fn_004A64B0|function|0x40
0x004A64F0|fn_004A64F0|function|0x40
0x004A6530|fn_004A6530|function|0xD0
0x004A6600|fn_004A6600|function|0x110
0x004A6710|fn_004A6710|function|0x40
0x004A6750|fn_004A6750|function|0x40
0x004A6790|fn_004A6790|function|0x50
0x004A67E0|fn_004A67E0|function|0x30
0x004A6810|fn_004A6810|function|0x380
0x004A6B90|fn_004A6B90|function|0x60
0x004A6BF0|fn_004A6BF0|function|0xF0
0x004A6CE0|fn_004A6CE0|function|0x20
0x004A6D00|fn_004A6D00|function|0x20
0x004A6D20|fn_004A6D20|function|0x40
0x004A6D60|fn_004A6D60|function|0xA0
0x004A6E00|fn_004A6E00|function|0x150
0x004A6F50|fn_004A6F50|function|0x40
0x004A6F90|fn_004A6F90|function|0x150
0x004A70E0|fn_004A70E0|function|0x40
0x004A7120|fn_004A7120|function|0x40
0x004A7160|fn_004A7160|function|0x50
0x004A71B0|fn_004A71B0|function|0x60
0x004A7210|fn_004A7210|function|0x110
0x004A7320|fn_004A7320|function|0xB0
0x004A73D0|fn_004A73D0|function|0x20
0x004A73F0|fn_004A73F0|function|0x330
0x004A7720|fn_004A7720|function|0x40
0x004A7760|fn_004A7760|function|0x40
0x004A77A0|fn_004A77A0|function|0x30
0x004A77D0|fn_004A77D0|function|0x30
0x004A7800|fn_004A7800|function|0x30
0x004A7830|fn_004A7830|function|0x30
0x004A7860|fn_004A7860|function|0x30
0x004A7890|fn_004A7890|function|0x20
0x004A78B0|fn_004A78B0|function|0x50
0x004A7900|fn_004A7900|function|0x90
0x004A7990|fn_004A7990|function|0xA0
0x004A7A30|fn_004A7A30|function|0x50
0x004A7A80|fn_004A7A80|function|0x40
0x004A7AC0|fn_004A7AC0|function|0x40
0x004A7B00|fn_004A7B00|function|0x30
0x004A7B30|fn_004A7B30|function|0x40
0x004A7B70|fn_004A7B70|function|0x10
0x004A7B80|fn_004A7B80|function|0x10
0x004A7B90|fn_004A7B90|function|0x40
0x004A7BD0|fn_004A7BD0|function|0xA0
0x004A7C70|fn_004A7C70|function|0x40
0x004A7CB0|fn_004A7CB0|function|0x180
0x004A7E30|fn_004A7E30|function|0x230
0x004A8060|fn_004A8060|function|0x240
0x004A82A0|fn_004A82A0|function|0xF0
0x004A8390|fn_004A8390|function|0x270
0x004A8600|fn_004A8600|function|0x80
0x004A8680|fn_004A8680|function|0x330
0x004A89B0|fn_004A89B0|function|0x30
0x004A89E0|fn_004A89E0|function|0x80
0x004A8A60|fn_004A8A60|function|0x20
0x004A8A80|fn_004A8A80|function|0x20
0x004A8AA0|fn_004A8AA0|function|0xE0
0x004A8B80|fn_004A8B80|function|0x270
0x004A8DF0|fn_004A8DF0|function|0x5D0
0x004A93C0|fn_004A93C0|function|0x40
0x004A9400|fn_004A9400|function|0x40
0x004A9440|fn_004A9440|function|0x700
0x004A9B40|fn_004A9B40|function|0x220
0x004A9D60|fn_004A9D60|function|0x90
0x004A9DF0|fn_004A9DF0|function|0x70
0x004A9E60|fn_004A9E60|function|0x50
0x004A9EB0|fn_004A9EB0|function|0x4F0
0x004AA3A0|fn_004AA3A0|function|0x20
0x004AA3C0|fn_004AA3C0|function|0x20
0x004AA3E0|fn_004AA3E0|function|0x20
0x004AA400|fn_004AA400|function|0x230
0x004AA630|fn_004AA630|function|0x80
0x004AA6B0|fn_004AA6B0|function|0xB0
0x004AA760|fn_004AA760|function|0x20
0x004AA780|fn_004AA780|function|0x50
0x004AA7D0|fn_004AA7D0|function|0x110
0x004AA8E0|fn_004AA8E0|function|0x330
0x004AAC10|fn_004AAC10|function|0x3A0
0x004AAFB0|fn_004AAFB0|function|0x40
0x004AAFF0|fn_004AAFF0|function|0x60
0x004AB050|fn_004AB050|function|0xA0
0x004AB0F0|fn_004AB0F0|function|0x20
0x004AB110|fn_004AB110|function|0x20
0x004AB130|fn_004AB130|function|0x90
0x004AB1C0|fn_004AB1C0|function|0x30
0x004AB1F0|fn_004AB1F0|function|0x160
0x004AB350|fn_004AB350|function|0x230
0x004AB580|fn_004AB580|function|0x50
0x004AB5D0|fn_004AB5D0|function|0x140
0x004AB710|fn_004AB710|function|0x70
0x004AB780|fn_004AB780|function|0x160
0x004AB8E0|fn_004AB8E0|function|0x40
0x004AB920|fn_004AB920|function|0x100
0x004ABA20|fn_004ABA20|function|0x50
0x004ABA70|fn_004ABA70|function|0x80
0x004ABAF0|fn_004ABAF0|function|0x60
0x004ABB50|fn_004ABB50|function|0x30
0x004ABB80|fn_004ABB80|function|0x20
0x004ABBA0|fn_004ABBA0|function|0x70
0x004ABC10|fn_004ABC10|function|0x2D0
0x004ABEE0|fn_004ABEE0|function|0x40
0x004ABF20|fn_004ABF20|function|0xA0
0x004ABFC0|fn_004ABFC0|function|0x60
0x004AC020|fn_004AC020|function|0xC0
0x004AC0E0|fn_004AC0E0|function|0x160
0x004AC240|fn_004AC240|function|0x1670
0x004AD8B0|fn_004AD8B0|function|0xF0
0x004AD9A0|fn_004AD9A0|function|0x40
0x004AD9E0|fn_004AD9E0|function|0x160
0x004ADB40|fn_004ADB40|function|0x100
0x004ADC40|fn_004ADC40|function|0x90
0x004ADCD0|fn_004ADCD0|function|0x2E0
0x004ADFB0|fn_004ADFB0|function|0x60
0x004AE010|fn_004AE010|function|0x110
0x004AE120|fn_004AE120|function|0x210
0x004AE330|fn_004AE330|function|0xE0
0x004AE410|fn_004AE410|function|0x250
0x004AE660|fn_004AE660|function|0x50
0x004AE6B0|fn_004AE6B0|function|0x30
0x004AE6E0|fn_004AE6E0|function|0x40
0x004AE720|fn_004AE720|function|0x80
0x004AE7A0|fn_004AE7A0|function|0x30
0x004AE7D0|fn_004AE7D0|function|0x60
0x004AE830|fn_004AE830|function|0x60
0x004AE890|fn_004AE890|function|0x170
0x004AEA00|fn_004AEA00|function|0x50
0x004AEA50|fn_004AEA50|function|0x1D0
0x004AEC20|fn_004AEC20|function|0x2D0
0x004AEEF0|fn_004AEEF0|function|0x3D0
0x004AF2C0|fn_004AF2C0|function|0x60
0x004AF320|fn_004AF320|function|0x20
0x004AF340|fn_004AF340|function|0x80
0x004AF3C0|fn_004AF3C0|function|0x40
0x004AF400|fn_004AF400|function|0xB0
0x004AF4B0|fn_004AF4B0|function|0x30
0x004AF4E0|fn_004AF4E0|function|0x190
0x004AF670|fn_004AF670|function|0xF0
0x004AF760|fn_004AF760|function|0x70
0x004AF7D0|fn_004AF7D0|function|0x1C0
0x004AF990|fn_004AF990|function|0x250
0x004AFBE0|fn_004AFBE0|function|0xC0
0x004AFCA0|fn_004AFCA0|function|0x70
0x004AFD10|fn_004AFD10|function|0x50
0x004AFD60|fn_004AFD60|function|0x21E
0x004AFF7E|fn_004AFF7E|function|0x32
0x004AFFB0|fn_004AFFB0|function|0xBC
0x004B006C|fn_004B006C|function|0x18
0x004B0084|fn_004B0084|function|0xAC
0x004B0130|fn_004B0130|function|0x50
0x004B0180|fn_004B0180|function|0x90
0x004B0210|fn_004B0210|function|0x90
0x004B02A0|fn_004B02A0|function|0x200
0x004B04A0|fn_004B04A0|function|0x1A0
0x004B0640|fn_004B0640|function|0x20
0x004B0660|fn_004B0660|function|0x40
0x004B06A0|fn_004B06A0|function|0x10
0x004B06B0|fn_004B06B0|function|0x50
0x004B0700|fn_004B0700|function|0x30
0x004B0730|fn_004B0730|function|0x20
0x004B0750|fn_004B0750|function|0x80
0x004B07D0|fn_004B07D0|function|0x50
0x004B0820|fn_004B0820|function|0x30
0x004B0850|fn_004B0850|function|0x20
0x004B0870|fn_004B0870|function|0x80
0x004B08F0|fn_004B08F0|function|0x50
0x004B0940|fn_004B0940|function|0x20
0x004B0960|fn_004B0960|function|0x60
0x004B09C0|fn_004B09C0|function|0x30
0x004B09F0|fn_004B09F0|function|0x60
0x004B0A50|fn_004B0A50|function|0x60
0x004B0AB0|fn_004B0AB0|function|0x30
0x004B0AE0|fn_004B0AE0|function|0x70
0x004B0B50|fn_004B0B50|function|0x600
0x004B1150|fn_004B1150|function|0x50
0x004B11A0|fn_004B11A0|function|0xE0
0x004B1280|fn_004B1280|function|0x190
0x004B1410|fn_004B1410|function|0x30
0x004B1440|fn_004B1440|function|0xC0
0x004B1500|fn_004B1500|function|0x30
0x004B1530|fn_004B1530|function|0xFC0
0x004B24F0|fn_004B24F0|function|0x20
0x004B2510|fn_004B2510|function|0x5E0
0x004B2AF0|fn_004B2AF0|function|0x520
0x004B3010|fn_004B3010|function|0x1331
0x004B4341|fn_004B4341|function|0x4B
0x004B438C|fn_004B438C|function|0x2D4
0x004B4660|fn_004B4660|function|0x291
0x004B48F1|fn_004B48F1|function|0x562
0x004B4E53|fn_004B4E53|function|0x2
0x004B4E55|fn_004B4E55|function|0x5B
0x004B4EB0|fn_004B4EB0|function|0x290
0x004B5140|fn_004B5140|function|0x20
0x004B5160|fn_004B5160|function|0x180
0x004B52E0|fn_004B52E0|function|0xC4
0x004B53A4|fn_004B53A4|function|0x1C
0x004B53C0|fn_004B53C0|function|0x81
0x004B5441|fn_004B5441|function|0x9
0x004B544A|fn_004B544A|function|0x346
0x004B5790|fn_004B5790|function|0x170
0x004B5900|fn_004B5900|function|0x180
0x004B5A80|fn_004B5A80|function|0x150
0x004B5BD0|fn_004B5BD0|function|0x430
0x004B6000|fn_004B6000|function|0x240
0x004B6240|fn_004B6240|function|0x2C0
0x004B6500|fn_004B6500|function|0x60
0x004B6560|fn_004B6560|function|0x3E0
0x004B6940|fn_004B6940|function|0xF0
0x004B6A30|fn_004B6A30|function|0x40
0x004B6A70|fn_004B6A70|function|0x20
0x004B6A90|fn_004B6A90|function|0x180
0x004B6C10|fn_004B6C10|function|0x5A0
0x004B71B0|fn_004B71B0|function|0x10
0x004B71C0|fn_004B71C0|function|0x450
0x004B7610|fn_004B7610|function|0x1E0
0x004B77F0|fn_004B77F0|function|0x300
0x004B7AF0|fn_004B7AF0|function|0x240
0x004B7D30|fn_004B7D30|function|0x70
0x004B7DA0|fn_004B7DA0|function|0x50
0x004B7DF0|fn_004B7DF0|function|0x90
0x004B7E80|fn_004B7E80|function|0x2D0
0x004B8150|fn_004B8150|function|0x40
0x004B8190|fn_004B8190|function|0xA0
0x004B8230|fn_004B8230|function|0x120
0x004B8350|fn_004B8350|function|0x390
0x004B86E0|fn_004B86E0|function|0xE0
0x004B87C0|fn_004B87C0|function|0x60
0x004B8820|fn_004B8820|function|0x30
0x004B8850|fn_004B8850|function|0x40
0x004B8890|fn_004B8890|function|0x30
0x004B88C0|fn_004B88C0|function|0x15B0
0x004B9E70|fn_004B9E70|function|0x30
0x004B9EA0|fn_004B9EA0|function|0x30
0x004B9ED0|fn_004B9ED0|function|0x30
0x004B9F00|fn_004B9F00|function|0x90
0x004B9F90|fn_004B9F90|function|0x30
0x004B9FC0|fn_004B9FC0|function|0x20
0x004B9FE0|fn_004B9FE0|function|0x40
0x004BA020|fn_004BA020|function|0x30
0x004BA050|fn_004BA050|function|0x20
0x004BA070|fn_004BA070|function|0x60
0x004BA0D0|fn_004BA0D0|function|0x6B0
0x004BA780|fn_004BA780|function|0x20
0x004BA7A0|fn_004BA7A0|function|0xD0
0x004BA870|fn_004BA870|function|0x1510
0x004BBD80|fn_004BBD80|function|0x50
0x004BBDD0|fn_004BBDD0|function|0xB0
0x004BBE80|fn_004BBE80|function|0x30
0x004BBEB0|fn_004BBEB0|function|0x20
0x004BBED0|fn_004BBED0|function|0x40
0x004BBF10|fn_004BBF10|function|0x380
0x004BC290|fn_004BC290|function|0x30
0x004BC2C0|fn_004BC2C0|function|0x20
0x004BC2E0|fn_004BC2E0|function|0x20
0x004BC300|fn_004BC300|function|0x20
0x004BC320|fn_004BC320|function|0x240
0x004BC560|fn_004BC560|function|0xE0
0x004BC640|fn_004BC640|function|0x70
0x004BC6B0|fn_004BC6B0|function|0x500
0x004BCBB0|fn_004BCBB0|function|0x70
0x004BCC20|fn_004BCC20|function|0x120
0x004BCD40|fn_004BCD40|function|0x80
0x004BCDC0|fn_004BCDC0|function|0xA0
0x004BCE60|fn_004BCE60|function|0x20
0x004BCE80|fn_004BCE80|function|0x20
0x004BCEA0|fn_004BCEA0|function|0x150
0x004BCFF0|fn_004BCFF0|function|0x2B0
0x004BD2A0|fn_004BD2A0|function|0x70A
0x004BD9AA|fn_004BD9AA|function|0x16
0x004BD9C0|fn_004BD9C0|function|0x90
0x004BDA50|fn_004BDA50|function|0x290
0x004BDCE0|fn_004BDCE0|function|0xC60
0x004BE940|fn_004BE940|function|0x140
0x004BEA80|fn_004BEA80|function|0x120
0x004BEBA0|fn_004BEBA0|function|0x16B0
0x004C0250|fn_004C0250|function|0x420
0x004C0670|fn_004C0670|function|0x20
0x004C0690|fn_004C0690|function|0x20
0x004C06B0|fn_004C06B0|function|0x10
0x004C06C0|fn_004C06C0|function|0x30
0x004C06F0|fn_004C06F0|function|0x50
0x004C0740|fn_004C0740|function|0x130
0x004C0870|fn_004C0870|function|0x60
0x004C08D0|fn_004C08D0|function|0xD0
0x004C09A0|fn_004C09A0|function|0x60
0x004C0A00|fn_004C0A00|function|0x20
0x004C0A20|fn_004C0A20|function|0x20
0x004C0A40|fn_004C0A40|function|0x20
0x004C0A60|fn_004C0A60|function|0x30
0x004C0A90|fn_004C0A90|function|0x60
0x004C0AF0|fn_004C0AF0|function|0x10
0x004C0B00|fn_004C0B00|function|0x40
0x004C0B40|fn_004C0B40|function|0x60
0x004C0BA0|fn_004C0BA0|function|0x50
0x004C0BF0|fn_004C0BF0|function|0x50
0x004C0C40|fn_004C0C40|function|0x80
0x004C0CC0|fn_004C0CC0|function|0x30
0x004C0CF0|fn_004C0CF0|function|0x1130
0x004C1E20|fn_004C1E20|function|0x170
0x004C1F90|fn_004C1F90|function|0x150
0x004C20E0|fn_004C20E0|function|0x70
0x004C2150|fn_004C2150|function|0x30
0x004C2180|fn_004C2180|function|0x40
0x004C21C0|fn_004C21C0|function|0x30
0x004C21F0|fn_004C21F0|function|0xB84
0x004C2D74|fn_004C2D74|function|0x11
0x004C2D85|fn_004C2D85|function|0x6EB
0x004C3470|fn_004C3470|function|0x40
0x004C34B0|fn_004C34B0|function|0x30
0x004C34E0|fn_004C34E0|function|0xBF0
0x004C40D0|fn_004C40D0|function|0xA0
0x004C4170|fn_004C4170|function|0x40
0x004C41B0|fn_004C41B0|function|0x30
0x004C41E0|fn_004C41E0|function|0x16E
0x004C434E|fn_004C434E|function|0x32
0x004C4380|fn_004C4380|function|0x70
0x004C43F0|fn_004C43F0|function|0x80
0x004C4470|fn_004C4470|function|0x6E3
0x004C4B53|fn_004C4B53|function|0xF1
0x004C4C44|fn_004C4C44|function|0x5C
0x004C4CA0|fn_004C4CA0|function|0x2B2
0x004C4F52|fn_004C4F52|function|0xB
0x004C4F5D|fn_004C4F5D|function|0xF6
0x004C5053|fn_004C5053|function|0x8A
0x004C50DD|fn_004C50DD|function|0x63
0x004C5140|fn_004C5140|function|0x60
0x004C51A0|fn_004C51A0|function|0xA80
0x004C5C20|fn_004C5C20|function|0x60
0x004C5C80|fn_004C5C80|function|0x800
0x004C6480|fn_004C6480|function|0x70
0x004C64F0|fn_004C64F0|function|0x10
0x004C6500|fn_004C6500|function|0x20
0x004C6520|fn_004C6520|function|0x4C0
0x004C69E0|fn_004C69E0|function|0xA0
0x004C6A80|fn_004C6A80|function|0x1A0
0x004C6C20|fn_004C6C20|function|0x30
0x004C6C50|fn_004C6C50|function|0xC0
0x004C6D10|fn_004C6D10|function|0x620
0x004C7330|fn_004C7330|function|0x30
0x004C7360|fn_004C7360|function|0x2E0
0x004C7640|fn_004C7640|function|0x90
0x004C76D0|fn_004C76D0|function|0xA0
0x004C7770|fn_004C7770|function|0x1F0
0x004C7960|fn_004C7960|function|0x330
0x004C7C90|fn_004C7C90|function|0x30
0x004C7CC0|fn_004C7CC0|function|0x1A0
0x004C7E60|fn_004C7E60|function|0x30
0x004C7E90|fn_004C7E90|function|0x1A0
0x004C8030|fn_004C8030|function|0x40
0x004C8070|fn_004C8070|function|0x30
0x004C80A0|fn_004C80A0|function|0x30
0x004C80D0|fn_004C80D0|function|0x30
0x004C8100|fn_004C8100|function|0xBC0
0x004C8CC0|fn_004C8CC0|function|0x50
0x004C8D10|fn_004C8D10|function|0x50
0x004C8D60|fn_004C8D60|function|0x30
0x004C8D90|fn_004C8D90|function|0x270
0x004C9000|fn_004C9000|function|0x410
0x004C9410|fn_004C9410|function|0x1C0
0x004C95D0|fn_004C95D0|function|0x3C0
0x004C9990|fn_004C9990|function|0xB0
0x004C9A40|fn_004C9A40|function|0x200
0x004C9C40|fn_004C9C40|function|0x90
0x004C9CD0|fn_004C9CD0|function|0xD0
0x004C9DA0|fn_004C9DA0|function|0x260
0x004CA000|fn_004CA000|function|0x230
0x004CA230|fn_004CA230|function|0x170
0x004CA3A0|fn_004CA3A0|function|0x220
0x004CA5C0|fn_004CA5C0|function|0x30
0x004CA5F0|fn_004CA5F0|function|0x60
0x004CA650|fn_004CA650|function|0xB0
0x004CA700|fn_004CA700|function|0x20
0x004CA720|fn_004CA720|function|0x20
0x004CA740|fn_004CA740|function|0x20
0x004CA760|fn_004CA760|function|0x30
0x004CA790|fn_004CA790|function|0xC0
0x004CA850|fn_004CA850|function|0x30
0x004CA880|fn_004CA880|function|0xC0
0x004CA940|fn_004CA940|function|0x30
0x004CA970|fn_004CA970|function|0x90
0x004CAA00|fn_004CAA00|function|0x4D0
0x004CAED0|fn_004CAED0|function|0x70
0x004CAF40|fn_004CAF40|function|0xD0
0x004CB010|fn_004CB010|function|0x50
0x004CB060|fn_004CB060|function|0x340
0x004CB3A0|fn_004CB3A0|function|0x90
0x004CB430|fn_004CB430|function|0x380
0x004CB7B0|fn_004CB7B0|function|0x860
0x004CC010|fn_004CC010|function|0x180
0x004CC190|fn_004CC190|function|0x340
0x004CC4D0|fn_004CC4D0|function|0x310
0x004CC7E0|fn_004CC7E0|function|0x2D0
0x004CCAB0|fn_004CCAB0|function|0x90
0x004CCB40|fn_004CCB40|function|0x60
0x004CCBA0|fn_004CCBA0|function|0xB0
0x004CCC50|fn_004CCC50|function|0x20
0x004CCC70|fn_004CCC70|function|0xA0
0x004CCD10|fn_004CCD10|function|0xE0
0x004CCDF0|fn_004CCDF0|function|0x20
0x004CCE10|fn_004CCE10|function|0x30
0x004CCE40|fn_004CCE40|function|0xC0
0x004CCF00|fn_004CCF00|function|0x90
0x004CCF90|fn_004CCF90|function|0x60
0x004CCFF0|fn_004CCFF0|function|0x70
0x004CD060|fn_004CD060|function|0x60
0x004CD0C0|fn_004CD0C0|function|0x60
0x004CD120|fn_004CD120|function|0x130
0x004CD250|fn_004CD250|function|0x70
0x004CD2C0|fn_004CD2C0|function|0x70
0x004CD330|fn_004CD330|function|0x60
0x004CD390|fn_004CD390|function|0x1E0
0x004CD570|fn_004CD570|function|0x80
0x004CD5F0|fn_004CD5F0|function|0x7D0
0x004CDDC0|fn_004CDDC0|function|0x30
0x004CDDF0|fn_004CDDF0|function|0x80
0x004CDE70|fn_004CDE70|function|0x80
0x004CDEF0|fn_004CDEF0|function|0x40
0x004CDF30|fn_004CDF30|function|0x70
0x004CDFA0|fn_004CDFA0|function|0x50
0x004CDFF0|fn_004CDFF0|function|0x150
0x004CE140|fn_004CE140|function|0x80
0x004CE1C0|fn_004CE1C0|function|0x20
0x004CE1E0|fn_004CE1E0|function|0x40
0x004CE220|fn_004CE220|function|0x100
0x004CE320|fn_004CE320|function|0x20
0x004CE340|fn_004CE340|function|0x60
0x004CE3A0|fn_004CE3A0|function|0x20
0x004CE3C0|fn_004CE3C0|function|0xA0
0x004CE460|fn_004CE460|function|0x70
0x004CE4D0|fn_004CE4D0|function|0x70
0x004CE540|fn_004CE540|function|0x30
0x004CE570|fn_004CE570|function|0x60
0x004CE5D0|fn_004CE5D0|function|0x30
0x004CE600|fn_004CE600|function|0x20
0x004CE620|fn_004CE620|function|0x20
0x004CE640|fn_004CE640|function|0x90
0x004CE6D0|fn_004CE6D0|function|0x20
0x004CE6F0|fn_004CE6F0|function|0x260
0x004CE950|fn_004CE950|function|0x50
0x004CE9A0|fn_004CE9A0|function|0xD0
0x004CEA70|fn_004CEA70|function|0x40
0x004CEAB0|fn_004CEAB0|function|0x50
0x004CEB00|fn_004CEB00|function|0x80
0x004CEB80|fn_004CEB80|function|0x40
0x004CEBC0|fn_004CEBC0|function|0x40
0x004CEC00|fn_004CEC00|function|0x190
0x004CED90|fn_004CED90|function|0x20
0x004CEDB0|fn_004CEDB0|function|0x20
0x004CEDD0|fn_004CEDD0|function|0x20
0x004CEDF0|fn_004CEDF0|function|0xA0
0x004CEE90|fn_004CEE90|function|0x30
0x004CEEC0|fn_004CEEC0|function|0x10
0x004CEED0|fn_004CEED0|function|0x30
0x004CEF00|fn_004CEF00|function|0x30
0x004CEF30|fn_004CEF30|function|0xC0
0x004CEFF0|fn_004CEFF0|function|0x270
0x004CF260|fn_004CF260|function|0x2A0
0x004CF500|fn_004CF500|function|0x180
0x004CF680|fn_004CF680|function|0x40
0x004CF6C0|fn_004CF6C0|function|0xD0
0x004CF790|fn_004CF790|function|0x140
0x004CF8D0|fn_004CF8D0|function|0x130
0x004CFA00|fn_004CFA00|function|0x180
0x004CFB80|fn_004CFB80|function|0x30
0x004CFBB0|fn_004CFBB0|function|0x20
0x004CFBD0|fn_004CFBD0|function|0x5D
0x004CFC2D|fn_004CFC2D|function|0x13
0x004CFC40|fn_004CFC40|function|0x20
0x004CFC60|fn_004CFC60|function|0x20
0x004CFC80|fn_004CFC80|function|0x20
0x004CFCA0|fn_004CFCA0|function|0x90
0x004CFD30|fn_004CFD30|function|0xD0
0x004CFE00|fn_004CFE00|function|0xA0
0x004CFEA0|fn_004CFEA0|function|0x80
0x004CFF20|fn_004CFF20|function|0x60
0x004CFF80|fn_004CFF80|function|0xB0
0x004D0030|fn_004D0030|function|0x80
0x004D00B0|fn_004D00B0|function|0x80
0x004D0130|fn_004D0130|function|0x90
0x004D01C0|fn_004D01C0|function|0x80
0x004D0240|fn_004D0240|function|0x90
0x004D02D0|fn_004D02D0|function|0x2A4
0x004D0574|fn_004D0574|function|0x1C
0x004D0590|fn_004D0590|function|0x60
0x004D05F0|fn_004D05F0|function|0xF0
0x004D06E0|fn_004D06E0|function|0x190
0x004D0870|fn_004D0870|function|0x170
0x004D09E0|fn_004D09E0|function|0x220
0x004D0C00|fn_004D0C00|function|0x40
0x004D0C40|fn_004D0C40|function|0x50
0x004D0C90|fn_004D0C90|function|0x70
0x004D0D00|fn_004D0D00|function|0x60
0x004D0D60|fn_004D0D60|function|0x70
0x004D0DD0|fn_004D0DD0|function|0x50
0x004D0E20|fn_004D0E20|function|0x2F0
0x004D1110|fn_004D1110|function|0x1A0
0x004D12B0|fn_004D12B0|function|0x380
0x004D1630|fn_004D1630|function|0x30
0x004D1660|fn_004D1660|function|0x40
0x004D16A0|fn_004D16A0|function|0xD0
0x004D1770|fn_004D1770|function|0x70
0x004D17E0|fn_004D17E0|function|0x20
0x004D1800|fn_004D1800|function|0x20
0x004D1820|fn_004D1820|function|0x40
0x004D1860|fn_004D1860|function|0x80
0x004D18E0|fn_004D18E0|function|0x100
0x004D19E0|fn_004D19E0|function|0x70
0x004D1A50|fn_004D1A50|function|0x30
0x004D1A80|fn_004D1A80|function|0x60
0x004D1AE0|fn_004D1AE0|function|0x30
0x004D1B10|fn_004D1B10|function|0x30
0x004D1B40|fn_004D1B40|function|0x40
0x004D1B80|fn_004D1B80|function|0x30
0x004D1BB0|fn_004D1BB0|function|0x30
0x004D1BE0|fn_004D1BE0|function|0x30
0x004D1C10|fn_004D1C10|function|0x30
0x004D1C40|fn_004D1C40|function|0x1B0
0x004D1DF0|fn_004D1DF0|function|0x190
0x004D1F80|fn_004D1F80|function|0x30
0x004D1FB0|fn_004D1FB0|function|0xE0
0x004D2090|fn_004D2090|function|0xC0
0x004D2150|fn_004D2150|function|0x1D0
0x004D2320|fn_004D2320|function|0x50
0x004D2370|fn_004D2370|function|0x230
0x004D25A0|fn_004D25A0|function|0x10
0x004D25B0|fn_004D25B0|function|0x250
0x004D2800|fn_004D2800|function|0x110
0x004D2910|fn_004D2910|function|0xE0
0x004D29F0|fn_004D29F0|function|0x180
0x004D2B70|fn_004D2B70|function|0x120
0x004D2C90|fn_004D2C90|function|0x130
0x004D2DC0|fn_004D2DC0|function|0x340
0x004D3100|fn_004D3100|function|0xE0
0x004D31E0|fn_004D31E0|function|0x210
0x004D33F0|fn_004D33F0|function|0xF0
0x004D34E0|fn_004D34E0|function|0x260
0x004D3740|fn_004D3740|function|0x130
0x004D3870|fn_004D3870|function|0x40
0x004D38B0|fn_004D38B0|function|0x20
0x004D38D0|fn_004D38D0|function|0x50
0x004D3920|fn_004D3920|function|0xA0
0x004D39C0|fn_004D39C0|function|0x660
0x004D4020|fn_004D4020|function|0x130
0x004D4150|fn_004D4150|function|0x10
0x004D4160|fn_004D4160|function|0x180
0x004D42E0|fn_004D42E0|function|0x26D
0x004D454D|fn_004D454D|function|0x1AB
0x004D46F8|fn_004D46F8|function|0x67
0x004D475F|fn_004D475F|function|0x51
0x004D47B0|fn_004D47B0|function|0x2A0
0x004D4A50|fn_004D4A50|function|0x12C
0x004D4B7C|fn_004D4B7C|function|0x44
0x004D4BC0|fn_004D4BC0|function|0x30
0x004D4BF0|fn_004D4BF0|function|0x60
0x004D4C50|fn_004D4C50|function|0x30
0x004D4C80|fn_004D4C80|function|0x1C1
0x004D4E41|fn_004D4E41|function|0x11
0x004D4E52|fn_004D4E52|function|0x1E
0x004D4E70|fn_004D4E70|function|0x30
0x004D4EA0|fn_004D4EA0|function|0x150
0x004D4FF0|fn_004D4FF0|function|0x30
0x004D5020|fn_004D5020|function|0x20
0x004D5040|fn_004D5040|function|0x10
0x004D5050|fn_004D5050|function|0x20
0x004D5070|fn_004D5070|function|0x20
0x004D5090|fn_004D5090|function|0x10
0x004D50A0|fn_004D50A0|function|0x20
0x004D50C0|fn_004D50C0|function|0x20
0x004D50E0|fn_004D50E0|function|0x10
0x004D50F0|fn_004D50F0|function|0x20
0x004D5110|fn_004D5110|function|0x20
0x004D5130|fn_004D5130|function|0x3B0
0x004D54E0|fn_004D54E0|function|0x90
0x004D5570|fn_004D5570|function|0x160
0x004D56D0|fn_004D56D0|function|0x50
0x004D5720|fn_004D5720|function|0x1C0
0x004D58E0|fn_004D58E0|function|0x10
0x004D58F0|fn_004D58F0|function|0x70
0x004D5960|fn_004D5960|function|0x30
0x004D5990|fn_004D5990|function|0x45C
0x004D5DEC|fn_004D5DEC|function|0x34
0x004D5E20|fn_004D5E20|function|0x20
0x004D5E40|fn_004D5E40|function|0x30
0x004D5E70|fn_004D5E70|function|0x60
0x004D5ED0|fn_004D5ED0|function|0x40
0x004D5F10|fn_004D5F10|function|0x40
0x004D5F50|fn_004D5F50|function|0xA0
0x004D5FF0|fn_004D5FF0|function|0x50
0x004D6040|fn_004D6040|function|0x40
0x004D6080|fn_004D6080|function|0x80
0x004D6100|fn_004D6100|function|0x200
0x004D6300|fn_004D6300|function|0x40
0x004D6340|fn_004D6340|function|0x50
0x004D6390|fn_004D6390|function|0x20
0x004D63B0|fn_004D63B0|function|0x110
0x004D64C0|fn_004D64C0|function|0x30
0x004D64F0|fn_004D64F0|function|0x30
0x004D6520|fn_004D6520|function|0x30
0x004D6550|fn_004D6550|function|0x30
0x004D6580|fn_004D6580|function|0x50
0x004D65D0|fn_004D65D0|function|0x30
0x004D6600|fn_004D6600|function|0x60
0x004D6660|fn_004D6660|function|0x10
0x004D6670|fn_004D6670|function|0x70
0x004D66E0|fn_004D66E0|function|0x10
0x004D66F0|fn_004D66F0|function|0x70
0x004D6760|fn_004D6760|function|0x30
0x004D6790|fn_004D6790|function|0x30
0x004D67C0|fn_004D67C0|function|0x30
0x004D67F0|fn_004D67F0|function|0x30
0x004D6820|fn_004D6820|function|0x30
0x004D6850|fn_004D6850|function|0x30
0x004D6880|fn_004D6880|function|0x20
0x004D68A0|fn_004D68A0|function|0x20
0x004D68C0|fn_004D68C0|function|0x110
0x004D69D0|fn_004D69D0|function|0x50
0x004D6A20|fn_004D6A20|function|0x30
0x004D6A50|fn_004D6A50|function|0x40
0x004D6A90|fn_004D6A90|function|0x40
0x004D6AD0|fn_004D6AD0|function|0xB0
0x004D6B80|fn_004D6B80|function|0x260
0x004D6DE0|fn_004D6DE0|function|0x90
0x004D6E70|fn_004D6E70|function|0x266
0x004D70D6|fn_004D70D6|function|0x1A
0x004D70F0|fn_004D70F0|function|0x40
0x004D7130|fn_004D7130|function|0x10
0x004D7140|fn_004D7140|function|0x20
0x004D7160|fn_004D7160|function|0x30
0x004D7190|fn_004D7190|function|0x280
0x004D7410|fn_004D7410|function|0x70
0x004D7480|fn_004D7480|function|0x70
0x004D74F0|fn_004D74F0|function|0x160
0x004D7650|fn_004D7650|function|0x30
0x004D7680|fn_004D7680|function|0x180
0x004D7800|fn_004D7800|function|0xB0
0x004D78B0|fn_004D78B0|function|0x70
0x004D7920|fn_004D7920|function|0x10
0x004D7930|fn_004D7930|function|0x180
0x004D7AB0|fn_004D7AB0|function|0x10
0x004D7AC0|fn_004D7AC0|function|0x20
0x004D7AE0|fn_004D7AE0|function|0x20
0x004D7B00|fn_004D7B00|function|0x10
0x004D7B10|fn_004D7B10|function|0x20
0x004D7B30|fn_004D7B30|function|0x10
0x004D7B40|fn_004D7B40|function|0xE0
0x004D7C20|fn_004D7C20|function|0x50
0x004D7C70|fn_004D7C70|function|0x30
0x004D7CA0|fn_004D7CA0|function|0x20
0x004D7CC0|fn_004D7CC0|function|0x20
0x004D7CE0|fn_004D7CE0|function|0x30
0x004D7D10|fn_004D7D10|function|0x40
0x004D7D50|fn_004D7D50|function|0xC0
0x004D7E10|fn_004D7E10|function|0x30
0x004D7E40|fn_004D7E40|function|0x50
0x004D7E90|fn_004D7E90|function|0x20
0x004D7EB0|fn_004D7EB0|function|0x210
0x004D80C0|fn_004D80C0|function|0x40
0x004D8100|fn_004D8100|function|0x40
0x004D8140|fn_004D8140|function|0x30
0x004D8170|fn_004D8170|function|0x30
0x004D81A0|fn_004D81A0|function|0x30
0x004D81D0|fn_004D81D0|function|0x50
0x004D8220|fn_004D8220|function|0x90
0x004D82B0|fn_004D82B0|function|0x40
0x004D82F0|fn_004D82F0|function|0xA0
0x004D8390|fn_004D8390|function|0x140
0x004D84D0|fn_004D84D0|function|0x150
0x004D8620|fn_004D8620|function|0xD0
0x004D86F0|fn_004D86F0|function|0x70
0x004D8760|fn_004D8760|function|0x70
0x004D87D0|fn_004D87D0|function|0x10
0x004D87E0|fn_004D87E0|function|0xA0
0x004D8880|fn_004D8880|function|0x80
0x004D8900|fn_004D8900|function|0x40
0x004D8940|fn_004D8940|function|0x7B
0x004D89BB|fn_004D89BB|function|0xD5
0x004D8A90|fn_004D8A90|function|0x210
0x004D8CA0|fn_004D8CA0|function|0x20
0x004D8CC0|fn_004D8CC0|function|0x20
0x004D8CE0|fn_004D8CE0|function|0xD0
0x004D8DB0|fn_004D8DB0|function|0x60
0x004D8E10|fn_004D8E10|function|0xF0
0x004D8F00|fn_004D8F00|function|0x30
0x004D8F30|fn_004D8F30|function|0x10
0x004D8F40|fn_004D8F40|function|0x10
0x004D8F50|fn_004D8F50|function|0xB30
0x004D9A80|fn_004D9A80|function|0x20
0x004D9AA0|fn_004D9AA0|function|0x30
0x004D9AD0|fn_004D9AD0|function|0x2C0
0x004D9D90|fn_004D9D90|function|0x280
0x004DA010|fn_004DA010|function|0x820
0x004DA830|fn_004DA830|function|0x30
0x004DA860|fn_004DA860|function|0x30
0x004DA890|fn_004DA890|function|0x1E0
0x004DAA70|fn_004DAA70|function|0x140
0x004DABB0|fn_004DABB0|function|0x60
0x004DAC10|fn_004DAC10|function|0x10
0x004DAC20|fn_004DAC20|function|0x10
0x004DAC30|fn_004DAC30|function|0x80
0x004DACB0|fn_004DACB0|function|0x240
0x004DAEF0|fn_004DAEF0|function|0x60
0x004DAF50|fn_004DAF50|function|0x90
0x004DAFE0|fn_004DAFE0|function|0x30
0x004DB010|fn_004DB010|function|0xC0
0x004DB0D0|fn_004DB0D0|function|0x30
0x004DB100|fn_004DB100|function|0xC0
0x004DB1C0|fn_004DB1C0|function|0x30
0x004DB1F0|fn_004DB1F0|function|0x60
0x004DB250|fn_004DB250|function|0x70
0x004DB2C0|fn_004DB2C0|function|0x80
0x004DB340|fn_004DB340|function|0xE0
0x004DB420|fn_004DB420|function|0x2CC
0x004DB6EC|fn_004DB6EC|function|0x14
0x004DB700|fn_004DB700|function|0x314
0x004DBA14|fn_004DBA14|function|0x1C
0x004DBA30|fn_004DBA30|function|0xA15
0x004DC445|fn_004DC445|function|0x8B
0x004DC4D0|fn_004DC4D0|function|0xA0
0x004DC570|fn_004DC570|function|0x90
0x004DC600|fn_004DC600|function|0xE0
0x004DC6E0|fn_004DC6E0|function|0x180
0x004DC860|fn_004DC860|function|0x1B0
0x004DCA10|fn_004DCA10|function|0x80
0x004DCA90|fn_004DCA90|function|0x620
0x004DD0B0|fn_004DD0B0|function|0x5E6
0x004DD696|fn_004DD696|function|0x8A
0x004DD720|fn_004DD720|function|0x60
0x004DD780|fn_004DD780|function|0x252
0x004DD9D2|fn_004DD9D2|function|0x13E
0x004DDB10|fn_004DDB10|function|0x150
0x004DDC60|fn_004DDC60|function|0x450
0x004DE0B0|fn_004DE0B0|function|0x360
0x004DE410|fn_004DE410|function|0x30
0x004DE440|fn_004DE440|function|0x20
0x004DE460|fn_004DE460|function|0x20
0x004DE480|fn_004DE480|function|0x20
0x004DE4A0|fn_004DE4A0|function|0x20
0x004DE4C0|fn_004DE4C0|function|0x20
0x004DE4E0|fn_004DE4E0|function|0x20
0x004DE500|fn_004DE500|function|0x10
0x004DE510|fn_004DE510|function|0x30
0x004DE540|fn_004DE540|function|0x10
0x004DE550|fn_004DE550|function|0x10
0x004DE560|fn_004DE560|function|0x20
0x004DE580|fn_004DE580|function|0x10
0x004DE590|fn_004DE590|function|0x10
0x004DE5A0|fn_004DE5A0|function|0x20
0x004DE5C0|fn_004DE5C0|function|0x10
0x004DE5D0|fn_004DE5D0|function|0x10
0x004DE5E0|fn_004DE5E0|function|0x20
0x004DE600|fn_004DE600|function|0x10
0x004DE610|fn_004DE610|function|0x10
0x004DE620|fn_004DE620|function|0x20
0x004DE640|fn_004DE640|function|0x10
0x004DE650|fn_004DE650|function|0x10
0x004DE660|fn_004DE660|function|0x20
0x004DE680|fn_004DE680|function|0x10
0x004DE690|fn_004DE690|function|0x10
0x004DE6A0|fn_004DE6A0|function|0x20
0x004DE6C0|fn_004DE6C0|function|0x10
0x004DE6D0|fn_004DE6D0|function|0x10
0x004DE6E0|fn_004DE6E0|function|0x20
0x004DE700|fn_004DE700|function|0x10
0x004DE710|fn_004DE710|function|0x10
0x004DE720|fn_004DE720|function|0x20
0x004DE740|fn_004DE740|function|0x10
0x004DE750|fn_004DE750|function|0x10
0x004DE760|fn_004DE760|function|0x20
0x004DE780|fn_004DE780|function|0x10
0x004DE790|fn_004DE790|function|0x10
0x004DE7A0|fn_004DE7A0|function|0x20
0x004DE7C0|fn_004DE7C0|function|0x10
0x004DE7D0|fn_004DE7D0|function|0x40
0x004DE810|fn_004DE810|function|0x10
0x004DE820|fn_004DE820|function|0x30
0x004DE850|fn_004DE850|function|0x10
0x004DE860|fn_004DE860|function|0x10
0x004DE870|fn_004DE870|function|0x20
0x004DE890|fn_004DE890|function|0x10
0x004DE8A0|fn_004DE8A0|function|0x10
0x004DE8B0|fn_004DE8B0|function|0x20
0x004DE8D0|fn_004DE8D0|function|0x10
0x004DE8E0|fn_004DE8E0|function|0x10
0x004DE8F0|fn_004DE8F0|function|0x20
0x004DE910|fn_004DE910|function|0x10
0x004DE920|fn_004DE920|function|0x10
0x004DE930|fn_004DE930|function|0x20
0x004DE950|fn_004DE950|function|0x10
0x004DE960|fn_004DE960|function|0x10
0x004DE970|fn_004DE970|function|0x20
0x004DE990|fn_004DE990|function|0x10
0x004DE9A0|fn_004DE9A0|function|0x10
0x004DE9B0|fn_004DE9B0|function|0x20
0x004DE9D0|fn_004DE9D0|function|0x10
0x004DE9E0|fn_004DE9E0|function|0x10
0x004DE9F0|fn_004DE9F0|function|0x20
0x004DEA10|fn_004DEA10|function|0x10
0x004DEA20|fn_004DEA20|function|0x10
0x004DEA30|fn_004DEA30|function|0x20
0x004DEA50|fn_004DEA50|function|0x10
0x004DEA60|fn_004DEA60|function|0x30
0x004DEA90|fn_004DEA90|function|0x10
0x004DEAA0|fn_004DEAA0|function|0x10
0x004DEAB0|fn_004DEAB0|function|0x20
0x004DEAD0|fn_004DEAD0|function|0x10
0x004DEAE0|fn_004DEAE0|function|0x10
0x004DEAF0|fn_004DEAF0|function|0x20
0x004DEB10|fn_004DEB10|function|0x10
0x004DEB20|fn_004DEB20|function|0x10
0x004DEB30|fn_004DEB30|function|0x20
0x004DEB50|fn_004DEB50|function|0x10
0x004DEB60|fn_004DEB60|function|0x30
0x004DEB90|fn_004DEB90|function|0x10
0x004DEBA0|fn_004DEBA0|function|0x10
0x004DEBB0|fn_004DEBB0|function|0x20
0x004DEBD0|fn_004DEBD0|function|0x10
0x004DEBE0|fn_004DEBE0|function|0x10
0x004DEBF0|fn_004DEBF0|function|0x20
0x004DEC10|fn_004DEC10|function|0x10
0x004DEC20|fn_004DEC20|function|0x10
0x004DEC30|fn_004DEC30|function|0x20
0x004DEC50|fn_004DEC50|function|0x10
0x004DEC60|fn_004DEC60|function|0x10
0x004DEC70|fn_004DEC70|function|0x20
0x004DEC90|fn_004DEC90|function|0x10
0x004DECA0|fn_004DECA0|function|0x10
0x004DECB0|fn_004DECB0|function|0x20
0x004DECD0|fn_004DECD0|function|0x10
0x004DECE0|fn_004DECE0|function|0x10
0x004DECF0|fn_004DECF0|function|0x20
0x004DED10|fn_004DED10|function|0x10
0x004DED20|fn_004DED20|function|0x30
0x004DED50|fn_004DED50|function|0x10
0x004DED60|fn_004DED60|function|0x20
0x004DED80|fn_004DED80|function|0x30
0x004DEDB0|fn_004DEDB0|function|0x10
0x004DEDC0|fn_004DEDC0|function|0x20
0x004DEDE0|fn_004DEDE0|function|0x30
0x004DEE10|fn_004DEE10|function|0x10
0x004DEE20|fn_004DEE20|function|0x30
0x004DEE50|fn_004DEE50|function|0x10
0x004DEE60|fn_004DEE60|function|0x20
0x004DEE80|fn_004DEE80|function|0x30
0x004DEEB0|fn_004DEEB0|function|0x20
0x004DEED0|fn_004DEED0|function|0x10
0x004DEEE0|fn_004DEEE0|function|0x20
0x004DEF00|fn_004DEF00|function|0x30
0x004DEF30|fn_004DEF30|function|0x10
0x004DEF40|fn_004DEF40|function|0x30
0x004DEF70|fn_004DEF70|function|0x10
0x004DEF80|fn_004DEF80|function|0x10
0x004DEF90|fn_004DEF90|function|0x20
0x004DEFB0|fn_004DEFB0|function|0x10
0x004DEFC0|fn_004DEFC0|function|0x10
0x004DEFD0|fn_004DEFD0|function|0x20
0x004DEFF0|fn_004DEFF0|function|0x10
0x004DF000|fn_004DF000|function|0x30
0x004DF030|fn_004DF030|function|0x10
0x004DF040|fn_004DF040|function|0x20
0x004DF060|fn_004DF060|function|0x30
0x004DF090|fn_004DF090|function|0x10
0x004DF0A0|fn_004DF0A0|function|0x20
0x004DF0C0|fn_004DF0C0|function|0x30
0x004DF0F0|fn_004DF0F0|function|0x10
0x004DF100|fn_004DF100|function|0x30
0x004DF130|fn_004DF130|function|0x10
0x004DF140|fn_004DF140|function|0x10
0x004DF150|fn_004DF150|function|0x20
0x004DF170|fn_004DF170|function|0x10
0x004DF180|fn_004DF180|function|0x10
0x004DF190|fn_004DF190|function|0x20
0x004DF1B0|fn_004DF1B0|function|0x10
0x004DF1C0|fn_004DF1C0|function|0x20
0x004DF1E0|fn_004DF1E0|function|0x30
0x004DF210|fn_004DF210|function|0x10
0x004DF220|fn_004DF220|function|0x10
0x004DF230|fn_004DF230|function|0x20
0x004DF250|fn_004DF250|function|0x10
0x004DF260|fn_004DF260|function|0x20
0x004DF280|fn_004DF280|function|0x30
0x004DF2B0|fn_004DF2B0|function|0x10
0x004DF2C0|fn_004DF2C0|function|0x10
0x004DF2D0|fn_004DF2D0|function|0x20
0x004DF2F0|fn_004DF2F0|function|0x10
0x004DF300|fn_004DF300|function|0x20
0x004DF320|fn_004DF320|function|0x30
0x004DF350|fn_004DF350|function|0x10
0x004DF360|fn_004DF360|function|0x30
0x004DF390|fn_004DF390|function|0x10
0x004DF3A0|fn_004DF3A0|function|0x20
0x004DF3C0|fn_004DF3C0|function|0x30
0x004DF3F0|fn_004DF3F0|function|0x10
0x004DF400|fn_004DF400|function|0x10
0x004DF410|fn_004DF410|function|0x20
0x004DF430|fn_004DF430|function|0x10
0x004DF440|fn_004DF440|function|0x30
0x004DF470|fn_004DF470|function|0x10
0x004DF480|fn_004DF480|function|0x30
0x004DF4B0|fn_004DF4B0|function|0x10
0x004DF4C0|fn_004DF4C0|function|0x20
0x004DF4E0|fn_004DF4E0|function|0x30
0x004DF510|fn_004DF510|function|0x10
0x004DF520|fn_004DF520|function|0x10
0x004DF530|fn_004DF530|function|0x20
0x004DF550|fn_004DF550|function|0x10
0x004DF560|fn_004DF560|function|0x20
0x004DF580|fn_004DF580|function|0x30
0x004DF5B0|fn_004DF5B0|function|0x10
0x004DF5C0|fn_004DF5C0|function|0x20
0x004DF5E0|fn_004DF5E0|function|0x30
0x004DF610|fn_004DF610|function|0x10
0x004DF620|fn_004DF620|function|0x20
0x004DF640|fn_004DF640|function|0x30
0x004DF670|fn_004DF670|function|0x10
0x004DF680|fn_004DF680|function|0x20
0x004DF6A0|fn_004DF6A0|function|0x30
0x004DF6D0|fn_004DF6D0|function|0x10
0x004DF6E0|fn_004DF6E0|function|0x20
0x004DF700|fn_004DF700|function|0x30
0x004DF730|fn_004DF730|function|0x10
0x004DF740|fn_004DF740|function|0x20
0x004DF760|fn_004DF760|function|0x30
0x004DF790|fn_004DF790|function|0x10
0x004DF7A0|fn_004DF7A0|function|0x20
0x004DF7C0|fn_004DF7C0|function|0x30
0x004DF7F0|fn_004DF7F0|function|0x10
0x004DF800|fn_004DF800|function|0x30
0x004DF830|fn_004DF830|function|0x10
0x004DF840|fn_004DF840|function|0x10
0x004DF850|fn_004DF850|function|0x20
0x004DF870|fn_004DF870|function|0x10
0x004DF880|fn_004DF880|function|0x10
0x004DF890|fn_004DF890|function|0x20
0x004DF8B0|fn_004DF8B0|function|0x10
0x004DF8C0|fn_004DF8C0|function|0x10
0x004DF8D0|fn_004DF8D0|function|0x20
0x004DF8F0|fn_004DF8F0|function|0x10
0x004DF900|fn_004DF900|function|0x20
0x004DF920|fn_004DF920|function|0x30
0x004DF950|fn_004DF950|function|0x10
0x004DF960|fn_004DF960|function|0x10
0x004DF970|fn_004DF970|function|0x20
0x004DF990|fn_004DF990|function|0x10
0x004DF9A0|fn_004DF9A0|function|0x10
0x004DF9B0|fn_004DF9B0|function|0x20
0x004DF9D0|fn_004DF9D0|function|0x10
0x004DF9E0|fn_004DF9E0|function|0x30
0x004DFA10|fn_004DFA10|function|0x10
0x004DFA20|fn_004DFA20|function|0x20
0x004DFA40|fn_004DFA40|function|0x30
0x004DFA70|fn_004DFA70|function|0x10
0x004DFA80|fn_004DFA80|function|0x30
0x004DFAB0|fn_004DFAB0|function|0x10
0x004DFAC0|fn_004DFAC0|function|0x30
0x004DFAF0|fn_004DFAF0|function|0x40
0x004DFB30|fn_004DFB30|function|0x10
0x004DFB40|fn_004DFB40|function|0x10
0x004DFB50|fn_004DFB50|function|0x20
0x004DFB70|fn_004DFB70|function|0x10
0x004DFB80|fn_004DFB80|function|0x20
0x004DFBA0|fn_004DFBA0|function|0x30
0x004DFBD0|fn_004DFBD0|function|0x10
0x004DFBE0|fn_004DFBE0|function|0x30
0x004DFC10|fn_004DFC10|function|0x10
0x004DFC20|fn_004DFC20|function|0x20
0x004DFC40|fn_004DFC40|function|0x30
0x004DFC70|fn_004DFC70|function|0x10
0x004DFC80|fn_004DFC80|function|0x10
0x004DFC90|fn_004DFC90|function|0x20
0x004DFCB0|fn_004DFCB0|function|0x10
0x004DFCC0|fn_004DFCC0|function|0x10
0x004DFCD0|fn_004DFCD0|function|0x20
0x004DFCF0|fn_004DFCF0|function|0x10
0x004DFD00|fn_004DFD00|function|0x20
0x004DFD20|fn_004DFD20|function|0x30
0x004DFD50|fn_004DFD50|function|0x10
0x004DFD60|fn_004DFD60|function|0x30
0x004DFD90|fn_004DFD90|function|0x10
0x004DFDA0|fn_004DFDA0|function|0x10
0x004DFDB0|fn_004DFDB0|function|0x20
0x004DFDD0|fn_004DFDD0|function|0x10
0x004DFDE0|fn_004DFDE0|function|0x20
0x004DFE00|fn_004DFE00|function|0x30
0x004DFE30|fn_004DFE30|function|0x10
0x004DFE40|fn_004DFE40|function|0x20
0x004DFE60|fn_004DFE60|function|0x30
0x004DFE90|fn_004DFE90|function|0x10
0x004DFEA0|fn_004DFEA0|function|0x20
0x004DFEC0|fn_004DFEC0|function|0x30
0x004DFEF0|fn_004DFEF0|function|0x20
0x004DFF10|fn_004DFF10|function|0x10
0x004DFF20|fn_004DFF20|function|0x10
0x004DFF30|fn_004DFF30|function|0x110
0x004E0040|fn_004E0040|function|0x30
0x004E0070|fn_004E0070|function|0x130
0x004E01A0|fn_004E01A0|function|0x50
0x004E01F0|fn_004E01F0|function|0x4A0
0x004E0690|fn_004E0690|function|0x2260
0x004E28F0|fn_004E28F0|function|0x20
0x004E2910|fn_004E2910|function|0x80
0x004E2990|fn_004E2990|function|0x100
0x004E2A90|fn_004E2A90|function|0x40
0x004E2AD0|fn_004E2AD0|function|0xE0
0x004E2BB0|fn_004E2BB0|function|0x365
0x004E2F15|fn_004E2F15|function|0x1B
0x004E2F30|fn_004E2F30|function|0x1A0
0x004E30D0|fn_004E30D0|function|0x630
0x004E3700|fn_004E3700|function|0x320
0x004E3A20|fn_004E3A20|function|0xE2E
0x004E484E|fn_004E484E|function|0x42
0x004E4890|fn_004E4890|function|0x80
0x004E4910|fn_004E4910|function|0x14F
0x004E4A5F|fn_004E4A5F|function|0xF1
0x004E4B50|fn_004E4B50|function|0x90
0x004E4BE0|fn_004E4BE0|function|0xF5
0x004E4CD5|fn_004E4CD5|function|0x1B
0x004E4CF0|fn_004E4CF0|function|0x220
0x004E4F10|fn_004E4F10|function|0x39
0x004E4F49|fn_004E4F49|function|0xF7
0x004E5040|fn_004E5040|function|0xF
0x004E504F|fn_004E504F|function|0xA1
0x004E50F0|fn_004E50F0|function|0x7B0
0x004E58A0|fn_004E58A0|function|0x25C
0x004E5AFC|fn_004E5AFC|function|0x14
0x004E5B10|fn_004E5B10|function|0x530
0x004E6040|fn_004E6040|function|0x246
0x004E6286|fn_004E6286|function|0x5A
0x004E62E0|fn_004E62E0|function|0x5B0
0x004E6890|fn_004E6890|function|0x66D0
0x004ECF60|fn_004ECF60|function|0x30
0x004ECF90|fn_004ECF90|function|0xC0
0x004ED050|fn_004ED050|function|0x30
0x004ED080|fn_004ED080|function|0x20
0x004ED0A0|fn_004ED0A0|function|0x10
0x004ED0B0|fn_004ED0B0|function|0x20
0x004ED0D0|fn_004ED0D0|function|0x20
0x004ED0F0|fn_004ED0F0|function|0x2A0
0x004ED390|fn_004ED390|function|0x1C0
0x004ED550|fn_004ED550|function|0x130
0x004ED680|fn_004ED680|function|0xE0
0x004ED760|fn_004ED760|function|0x10
0x004ED770|fn_004ED770|function|0x50
0x004ED7C0|fn_004ED7C0|function|0x20
0x004ED7E0|fn_004ED7E0|function|0x450
0x004EDC30|fn_004EDC30|function|0x100
0x004EDD30|fn_004EDD30|function|0x20
0x004EDD50|fn_004EDD50|function|0x40
0x004EDD90|fn_004EDD90|function|0x50
0x004EDDE0|fn_004EDDE0|function|0x70
0x004EDE50|fn_004EDE50|function|0x70
0x004EDEC0|fn_004EDEC0|function|0x70
0x004EDF30|fn_004EDF30|function|0x70
0x004EDFA0|fn_004EDFA0|function|0x60
0x004EE000|fn_004EE000|function|0x70
0x004EE070|fn_004EE070|function|0x70
0x004EE0E0|fn_004EE0E0|function|0x140
0x004EE220|fn_004EE220|function|0x40
0x004EE260|fn_004EE260|function|0x70
0x004EE2D0|fn_004EE2D0|function|0x220
0x004EE4F0|fn_004EE4F0|function|0x90
0x004EE580|fn_004EE580|function|0x1B0
0x004EE730|fn_004EE730|function|0x30
0x004EE760|fn_004EE760|function|0x70
0x004EE7D0|fn_004EE7D0|function|0x30
0x004EE800|fn_004EE800|function|0x40
0x004EE840|fn_004EE840|function|0x20
0x004EE860|fn_004EE860|function|0x20
0x004EE880|fn_004EE880|function|0x20
0x004EE8A0|fn_004EE8A0|function|0x50
0x004EE8F0|fn_004EE8F0|function|0x50
0x004EE940|fn_004EE940|function|0x440
0x004EED80|fn_004EED80|function|0xA0
0x004EEE20|fn_004EEE20|function|0x20
0x004EEE40|fn_004EEE40|function|0x20
0x004EEE60|fn_004EEE60|function|0x90
0x004EEEF0|fn_004EEEF0|function|0x1A0
0x004EF090|fn_004EF090|function|0x50
0x004EF0E0|fn_004EF0E0|function|0x40
0x004EF120|fn_004EF120|function|0x20
0x004EF140|fn_004EF140|function|0x50
0x004EF190|fn_004EF190|function|0x50
0x004EF1E0|fn_004EF1E0|function|0xF0
0x004EF2D0|fn_004EF2D0|function|0x60
0x004EF330|fn_004EF330|function|0x30
0x004EF360|fn_004EF360|function|0x60
0x004EF3C0|fn_004EF3C0|function|0x30
0x004EF3F0|fn_004EF3F0|function|0xE0
0x004EF4D0|fn_004EF4D0|function|0x100
0x004EF5D0|fn_004EF5D0|function|0xB0
0x004EF680|fn_004EF680|function|0xF0
0x004EF770|fn_004EF770|function|0xC0
0x004EF830|fn_004EF830|function|0x20
0x004EF850|fn_004EF850|function|0x1E0
0x004EFA30|fn_004EFA30|function|0x380
0x004EFDB0|fn_004EFDB0|function|0x30
0x004EFDE0|fn_004EFDE0|function|0xA0
0x004EFE80|fn_004EFE80|function|0x70
0x004EFEF0|fn_004EFEF0|function|0x40
0x004EFF30|fn_004EFF30|function|0x80
0x004EFFB0|fn_004EFFB0|function|0x30
0x004EFFE0|fn_004EFFE0|function|0x130
0x004F0110|fn_004F0110|function|0x50
0x004F0160|fn_004F0160|function|0x1C0
0x004F0320|fn_004F0320|function|0x40
0x004F0360|fn_004F0360|function|0x320
0x004F0680|fn_004F0680|function|0x1C0
0x004F0840|fn_004F0840|function|0x150
0x004F0990|fn_004F0990|function|0xB0
0x004F0A40|fn_004F0A40|function|0x340
0x004F0D80|fn_004F0D80|function|0x20
0x004F0DA0|fn_004F0DA0|function|0x110
0x004F0EB0|fn_004F0EB0|function|0x50
0x004F0F00|fn_004F0F00|function|0x10
0x004F0F10|fn_004F0F10|function|0x60
0x004F0F70|fn_004F0F70|function|0x90
0x004F1000|fn_004F1000|function|0x30
0x004F1030|fn_004F1030|function|0x40
0x004F1070|fn_004F1070|function|0x30
0x004F10A0|fn_004F10A0|function|0x10
0x004F10B0|fn_004F10B0|function|0x90
0x004F1140|fn_004F1140|function|0x60
0x004F11A0|fn_004F11A0|function|0x80
0x004F1220|fn_004F1220|function|0xA0
0x004F12C0|fn_004F12C0|function|0x50
0x004F1310|fn_004F1310|function|0x10
0x004F1320|fn_004F1320|function|0x60
0x004F1380|fn_004F1380|function|0x60
0x004F13E0|fn_004F13E0|function|0x10
0x004F13F0|fn_004F13F0|function|0x30
0x004F1420|fn_004F1420|function|0x70
0x004F1490|fn_004F1490|function|0xD0
0x004F1560|fn_004F1560|function|0x180
0x004F16E0|fn_004F16E0|function|0x1A0
0x004F1880|fn_004F1880|function|0x10
0x004F1890|fn_004F1890|function|0x80
0x004F1910|fn_004F1910|function|0x40
0x004F1950|fn_004F1950|function|0xB0
0x004F1A00|fn_004F1A00|function|0xB0
0x004F1AB0|fn_004F1AB0|function|0xB0
0x004F1B60|fn_004F1B60|function|0x90
0x004F1BF0|fn_004F1BF0|function|0x90
0x004F1C80|fn_004F1C80|function|0x80
0x004F1D00|fn_004F1D00|function|0xD0
0x004F1DD0|fn_004F1DD0|function|0x70
0x004F1E40|fn_004F1E40|function|0x70
0x004F1EB0|fn_004F1EB0|function|0x1B0
0x004F2060|fn_004F2060|function|0xE0
0x004F2140|fn_004F2140|function|0xA0
0x004F21E0|fn_004F21E0|function|0x10
0x004F21F0|fn_004F21F0|function|0x60
0x004F2250|fn_004F2250|function|0x50
0x004F22A0|fn_004F22A0|function|0x180
0x004F2420|fn_004F2420|function|0x30
0x004F2450|fn_004F2450|function|0x100
0x004F2550|fn_004F2550|function|0x250
0x004F27A0|fn_004F27A0|function|0x20
0x004F27C0|fn_004F27C0|function|0x30
0x004F27F0|fn_004F27F0|function|0x40
0x004F2830|fn_004F2830|function|0x100
0x004F2930|fn_004F2930|function|0x90
0x004F29C0|fn_004F29C0|function|0x10
0x004F29D0|fn_004F29D0|function|0x20
0x004F29F0|fn_004F29F0|function|0x60
0x004F2A50|fn_004F2A50|function|0x50
0x004F2AA0|fn_004F2AA0|function|0x20
0x004F2AC0|fn_004F2AC0|function|0x220
0x004F2CE0|fn_004F2CE0|function|0x220
0x004F2F00|fn_004F2F00|function|0x5A0
0x004F34A0|fn_004F34A0|function|0x70
0x004F3510|fn_004F3510|function|0x10
0x004F3520|fn_004F3520|function|0x17E
0x004F369E|fn_004F369E|function|0x1E2
0x004F3880|fn_004F3880|function|0x10
0x004F3890|fn_004F3890|function|0x1B0
0x004F3A40|fn_004F3A40|function|0x40
0x004F3A80|fn_004F3A80|function|0x460
0x004F3EE0|fn_004F3EE0|function|0x2E0
0x004F41C0|fn_004F41C0|function|0x50
0x004F4210|fn_004F4210|function|0x340
0x004F4550|fn_004F4550|function|0x20
0x004F4570|fn_004F4570|function|0xE0
0x004F4650|fn_004F4650|function|0x210
0x004F4860|fn_004F4860|function|0x70
0x004F48D0|fn_004F48D0|function|0x40
0x004F4910|fn_004F4910|function|0x20
0x004F4930|fn_004F4930|function|0xF0
0x004F4A20|fn_004F4A20|function|0x3D0
0x004F4DF0|fn_004F4DF0|function|0x70
0x004F4E60|fn_004F4E60|function|0x70
0x004F4ED0|fn_004F4ED0|function|0x70
0x004F4F40|fn_004F4F40|function|0x50
0x004F4F90|fn_004F4F90|function|0x80
0x004F5010|fn_004F5010|function|0x70
0x004F5080|fn_004F5080|function|0x70
0x004F50F0|fn_004F50F0|function|0x70
0x004F5160|fn_004F5160|function|0x80
0x004F51E0|fn_004F51E0|function|0xA0
0x004F5280|fn_004F5280|function|0xA0
0x004F5320|fn_004F5320|function|0xC0
0x004F53E0|fn_004F53E0|function|0xB0
0x004F5490|fn_004F5490|function|0x20
0x004F54B0|fn_004F54B0|function|0x40
0x004F54F0|fn_004F54F0|function|0x100
0x004F55F0|fn_004F55F0|function|0x40
0x004F5630|fn_004F5630|function|0x40
0x004F5670|fn_004F5670|function|0x70
0x004F56E0|fn_004F56E0|function|0x1B0
0x004F5890|fn_004F5890|function|0x80
0x004F5910|fn_004F5910|function|0x280
0x004F5B90|fn_004F5B90|function|0x260
0x004F5DF0|fn_004F5DF0|function|0x80
0x004F5E70|fn_004F5E70|function|0x20
0x004F5E90|fn_004F5E90|function|0xF0
0x004F5F80|fn_004F5F80|function|0x310
0x004F6290|fn_004F6290|function|0x260
0x004F64F0|fn_004F64F0|function|0xF0
0x004F65E0|fn_004F65E0|function|0x40
0x004F6620|fn_004F6620|function|0x20
0x004F6640|fn_004F6640|function|0x20
0x004F6660|fn_004F6660|function|0x20
0x004F6680|fn_004F6680|function|0x20
0x004F66A0|fn_004F66A0|function|0x20
0x004F66C0|fn_004F66C0|function|0x190
0x004F6850|fn_004F6850|function|0xA0
0x004F68F0|fn_004F68F0|function|0x20
0x004F6910|fn_004F6910|function|0x80
0x004F6990|fn_004F6990|function|0x110
0x004F6AA0|fn_004F6AA0|function|0x80
0x004F6B20|fn_004F6B20|function|0x110
0x004F6C30|fn_004F6C30|function|0x1B0
0x004F6DE0|fn_004F6DE0|function|0x130
0x004F6F10|fn_004F6F10|function|0x70
0x004F6F80|fn_004F6F80|function|0x70
0x004F6FF0|fn_004F6FF0|function|0x120
0x004F7110|fn_004F7110|function|0x110
0x004F7220|fn_004F7220|function|0x50
0x004F7270|fn_004F7270|function|0x50
0x004F72C0|fn_004F72C0|function|0xB0
0x004F7370|fn_004F7370|function|0x50
0x004F73C0|fn_004F73C0|function|0x10
0x004F73D0|fn_004F73D0|function|0x70
0x004F7440|fn_004F7440|function|0xB0
0x004F74F0|fn_004F74F0|function|0xB0
0x004F75A0|fn_004F75A0|function|0x30
0x004F75D0|fn_004F75D0|function|0x180
0x004F7750|fn_004F7750|function|0x10
0x004F7760|fn_004F7760|function|0x60
0x004F77C0|fn_004F77C0|function|0x20
0x004F77E0|fn_004F77E0|function|0xC0
0x004F78A0|fn_004F78A0|function|0x40
0x004F78E0|fn_004F78E0|function|0x50
0x004F7930|fn_004F7930|function|0x1A0
0x004F7AD0|fn_004F7AD0|function|0x50
0x004F7B20|fn_004F7B20|function|0x30
0x004F7B50|fn_004F7B50|function|0x380
0x004F7ED0|fn_004F7ED0|function|0xC5
0x004F7F95|fn_004F7F95|function|0x1B
0x004F7FB0|fn_004F7FB0|function|0x30
0x004F7FE0|fn_004F7FE0|function|0x90
0x004F8070|fn_004F8070|function|0x90
0x004F8100|fn_004F8100|function|0x90
0x004F8190|fn_004F8190|function|0x220
0x004F83B0|fn_004F83B0|function|0x20
0x004F83D0|fn_004F83D0|function|0x30
0x004F8400|fn_004F8400|function|0x410
0x004F8810|fn_004F8810|function|0x40
0x004F8850|fn_004F8850|function|0x70
0x004F88C0|fn_004F88C0|function|0x60
0x004F8920|fn_004F8920|function|0xA0
0x004F89C0|fn_004F89C0|function|0x70
0x004F8A30|fn_004F8A30|function|0x230
0x004F8C60|fn_004F8C60|function|0xA0
0x004F8D00|fn_004F8D00|function|0x70
0x004F8D70|fn_004F8D70|function|0x140
0x004F8EB0|fn_004F8EB0|function|0x80
0x004F8F30|fn_004F8F30|function|0x50
0x004F8F80|fn_004F8F80|function|0x70
0x004F8FF0|fn_004F8FF0|function|0xB0
0x004F90A0|fn_004F90A0|function|0x90
0x004F9130|fn_004F9130|function|0x70
0x004F91A0|fn_004F91A0|function|0x70
0x004F9210|fn_004F9210|function|0x90
0x004F92A0|fn_004F92A0|function|0x2E0
0x004F9580|fn_004F9580|function|0x20
0x004F95A0|fn_004F95A0|function|0x150
0x004F96F0|fn_004F96F0|function|0x2F0
0x004F99E0|fn_004F99E0|function|0x130
0x004F9B10|fn_004F9B10|function|0x130
0x004F9C40|fn_004F9C40|function|0x60
0x004F9CA0|fn_004F9CA0|function|0x70
0x004F9D10|fn_004F9D10|function|0x140
0x004F9E50|fn_004F9E50|function|0x20
0x004F9E70|fn_004F9E70|function|0x50
0x004F9EC0|fn_004F9EC0|function|0x90
0x004F9F50|fn_004F9F50|function|0x50
0x004F9FA0|fn_004F9FA0|function|0xB0
0x004FA050|fn_004FA050|function|0xC0
0x004FA110|fn_004FA110|function|0x30
0x004FA140|fn_004FA140|function|0xF0
0x004FA230|fn_004FA230|function|0x1D0
0x004FA400|fn_004FA400|function|0x20
0x004FA420|fn_004FA420|function|0x80
0x004FA4A0|fn_004FA4A0|function|0x2E0
0x004FA780|fn_004FA780|function|0x40
0x004FA7C0|fn_004FA7C0|function|0x90
0x004FA850|fn_004FA850|function|0x40
0x004FA890|fn_004FA890|function|0xE0
0x004FA970|fn_004FA970|function|0x60
0x004FA9D0|fn_004FA9D0|function|0x90
0x004FAA60|fn_004FAA60|function|0x120
0x004FAB80|fn_004FAB80|function|0x120
0x004FACA0|fn_004FACA0|function|0xB0
0x004FAD50|fn_004FAD50|function|0x40
0x004FAD90|fn_004FAD90|function|0x200
0x004FAF90|fn_004FAF90|function|0x10
0x004FAFA0|fn_004FAFA0|function|0x60
0x004FB000|fn_004FB000|function|0x60
0x004FB060|fn_004FB060|function|0x60
0x004FB0C0|fn_004FB0C0|function|0xA0
0x004FB160|fn_004FB160|function|0x370
0x004FB4D0|fn_004FB4D0|function|0x20
0x004FB4F0|fn_004FB4F0|function|0x20
0x004FB510|fn_004FB510|function|0x1C0
0x004FB6D0|fn_004FB6D0|function|0x160
0x004FB830|fn_004FB830|function|0x30
0x004FB860|fn_004FB860|function|0xE0
0x004FB940|fn_004FB940|function|0x80
0x004FB9C0|fn_004FB9C0|function|0x2F0
0x004FBCB0|fn_004FBCB0|function|0x50
0x004FBD00|fn_004FBD00|function|0x50
0x004FBD50|fn_004FBD50|function|0x30
0x004FBD80|fn_004FBD80|function|0x150
0x004FBED0|fn_004FBED0|function|0x100
0x004FBFD0|fn_004FBFD0|function|0x2D0
0x004FC2A0|fn_004FC2A0|function|0xB0
0x004FC350|fn_004FC350|function|0xB0
0x004FC400|fn_004FC400|function|0xB0
0x004FC4B0|fn_004FC4B0|function|0x640
0x004FCAF0|fn_004FCAF0|function|0x1F0
0x004FCCE0|fn_004FCCE0|function|0xB0
0x004FCD90|fn_004FCD90|function|0xB0
0x004FCE40|fn_004FCE40|function|0x720
0x004FD560|fn_004FD560|function|0x60
0x004FD5C0|fn_004FD5C0|function|0x30
0x004FD5F0|fn_004FD5F0|function|0x10
0x004FD600|fn_004FD600|function|0x30
0x004FD630|fn_004FD630|function|0xC0
0x004FD6F0|fn_004FD6F0|function|0x60
0x004FD750|fn_004FD750|function|0x230
0x004FD980|fn_004FD980|function|0x30
0x004FD9B0|fn_004FD9B0|function|0x70
0x004FDA20|fn_004FDA20|function|0x70
0x004FDA90|fn_004FDA90|function|0x80
0x004FDB10|fn_004FDB10|function|0x160
0x004FDC70|fn_004FDC70|function|0x20
0x004FDC90|fn_004FDC90|function|0x40
0x004FDCD0|fn_004FDCD0|function|0x90
0x004FDD60|fn_004FDD60|function|0x80
0x004FDDE0|fn_004FDDE0|function|0x40
0x004FDE20|fn_004FDE20|function|0x40
0x004FDE60|fn_004FDE60|function|0x20
0x004FDE80|fn_004FDE80|function|0x140
0x004FDFC0|fn_004FDFC0|function|0x70
0x004FE030|fn_004FE030|function|0x70
0x004FE0A0|fn_004FE0A0|function|0x120
0x004FE1C0|fn_004FE1C0|function|0x90
0x004FE250|fn_004FE250|function|0x70
0x004FE2C0|fn_004FE2C0|function|0x70
0x004FE330|fn_004FE330|function|0x50
0x004FE380|fn_004FE380|function|0x90
0x004FE410|fn_004FE410|function|0x50
0x004FE460|fn_004FE460|function|0x60
0x004FE4C0|fn_004FE4C0|function|0xC0
0x004FE580|fn_004FE580|function|0x30
0x004FE5B0|fn_004FE5B0|function|0x30
0x004FE5E0|fn_004FE5E0|function|0x310
0x004FE8F0|fn_004FE8F0|function|0xB0
0x004FE9A0|fn_004FE9A0|function|0xA0
0x004FEA40|fn_004FEA40|function|0x40
0x004FEA80|fn_004FEA80|function|0xD0
0x004FEB50|fn_004FEB50|function|0x30
0x004FEB80|fn_004FEB80|function|0x60
0x004FEBE0|fn_004FEBE0|function|0x30
0x004FEC10|fn_004FEC10|function|0x40
0x004FEC50|fn_004FEC50|function|0x30
0x004FEC80|fn_004FEC80|function|0x10
0x004FEC90|fn_004FEC90|function|0x50
0x004FECE0|fn_004FECE0|function|0x10
0x004FECF0|fn_004FECF0|function|0x10
0x004FED00|fn_004FED00|function|0x10
0x004FED10|fn_004FED10|function|0x10
0x004FED20|fn_004FED20|function|0x10
0x004FED30|fn_004FED30|function|0x120
0x004FEE50|fn_004FEE50|function|0x1200
0x00500050|fn_00500050|function|0x15
0x00500065|fn_00500065|function|0x8BC
0x00500921|fn_00500921|function|0x6F
0x00500990|fn_00500990|function|0x30
0x005009C0|fn_005009C0|function|0x30
0x005009F0|fn_005009F0|function|0x40
0x00500A30|fn_00500A30|function|0x30
0x00500A60|fn_00500A60|function|0x30
0x00500A90|fn_00500A90|function|0x1F0
0x00500C80|fn_00500C80|function|0x50
0x00500CD0|fn_00500CD0|function|0x110
0x00500DE0|fn_00500DE0|function|0xB0
0x00500E90|fn_00500E90|function|0xD0
0x00500F60|fn_00500F60|function|0x130
0x00501090|fn_00501090|function|0x70
0x00501100|fn_00501100|function|0xA0
0x005011A0|fn_005011A0|function|0x40
0x005011E0|fn_005011E0|function|0x60
0x00501240|fn_00501240|function|0x40
0x00501280|fn_00501280|function|0x40
0x005012C0|fn_005012C0|function|0x20
0x005012E0|fn_005012E0|function|0x20
0x00501300|fn_00501300|function|0x20
0x00501320|fn_00501320|function|0x40
0x00501360|fn_00501360|function|0x30
0x00501390|fn_00501390|function|0x30
0x005013C0|fn_005013C0|function|0x30
0x005013F0|fn_005013F0|function|0x60
0x00501450|fn_00501450|function|0x20
0x00501470|fn_00501470|function|0x20
0x00501490|fn_00501490|function|0x20
0x005014B0|fn_005014B0|function|0x60
0x00501510|fn_00501510|function|0x1C0
0x005016D0|fn_005016D0|function|0x20
0x005016F0|fn_005016F0|function|0x30
0x00501720|fn_00501720|function|0x60
0x00501780|fn_00501780|function|0x20
0x005017A0|fn_005017A0|function|0x30
0x005017D0|fn_005017D0|function|0x10
0x005017E0|fn_005017E0|function|0x10
0x005017F0|fn_005017F0|function|0x50
0x00501840|fn_00501840|function|0x10
0x00501850|fn_00501850|function|0x10
0x00501860|fn_00501860|function|0x10
0x00501870|fn_00501870|function|0x10
0x00501880|fn_00501880|function|0x50
0x005018D0|fn_005018D0|function|0x30
0x00501900|fn_00501900|function|0x10
0x00501910|fn_00501910|function|0x30
0x00501940|fn_00501940|function|0x40
0x00501980|fn_00501980|function|0x10
0x00501990|fn_00501990|function|0x10
0x005019A0|fn_005019A0|function|0x40
0x005019E0|fn_005019E0|function|0x10
0x005019F0|fn_005019F0|function|0x10
0x00501A00|fn_00501A00|function|0x50
0x00501A50|fn_00501A50|function|0x30
0x00501A80|fn_00501A80|function|0x10
0x00501A90|fn_00501A90|function|0x30
0x00501AC0|fn_00501AC0|function|0x40
0x00501B00|fn_00501B00|function|0x10
0x00501B10|fn_00501B10|function|0x10
0x00501B20|fn_00501B20|function|0x30
0x00501B50|fn_00501B50|function|0xC0
0x00501C10|fn_00501C10|function|0x10
0x00501C20|fn_00501C20|function|0x20
0x00501C40|fn_00501C40|function|0x20
0x00501C60|fn_00501C60|function|0x30
0x00501C90|fn_00501C90|function|0x50
0x00501CE0|fn_00501CE0|function|0x40
0x00501D20|fn_00501D20|function|0x190
0x00501EB0|fn_00501EB0|function|0x70
0x00501F20|fn_00501F20|function|0x120
0x00502040|fn_00502040|function|0x50
0x00502090|fn_00502090|function|0x60
0x005020F0|fn_005020F0|function|0xE0
0x005021D0|fn_005021D0|function|0x10
0x005021E0|fn_005021E0|function|0x60
0x00502240|fn_00502240|function|0xC0
0x00502300|fn_00502300|function|0x20
0x00502320|fn_00502320|function|0xC0
0x005023E0|fn_005023E0|function|0x70
0x00502450|fn_00502450|function|0x29
0x00502479|fn_00502479|function|0x27
0x005024A0|fn_005024A0|function|0x20
0x005024C0|fn_005024C0|function|0x40
0x00502500|fn_00502500|function|0x60
0x00502560|fn_00502560|function|0x70
0x005025D0|fn_005025D0|function|0x80
0x00502650|fn_00502650|function|0x40
0x00502690|fn_00502690|function|0x50
0x005026E0|fn_005026E0|function|0x40
0x00502720|fn_00502720|function|0x2E0
0x00502A00|fn_00502A00|function|0x3E0
0x00502DE0|fn_00502DE0|function|0x50
0x00502E30|fn_00502E30|function|0x80
0x00502EB0|fn_00502EB0|function|0x30
0x00502EE0|fn_00502EE0|function|0x90
0x00502F70|fn_00502F70|function|0x130
0x005030A0|fn_005030A0|function|0x70
0x00503110|fn_00503110|function|0x80
0x00503190|fn_00503190|function|0x30
0x005031C0|fn_005031C0|function|0x200
0x005033C0|fn_005033C0|function|0xC0
0x00503480|fn_00503480|function|0x80
0x00503500|fn_00503500|function|0x50
0x00503550|fn_00503550|function|0x70
0x005035C0|fn_005035C0|function|0x20
0x005035E0|fn_005035E0|function|0x30
0x00503610|fn_00503610|function|0x40
0x00503650|fn_00503650|function|0x9D
0x005036ED|fn_005036ED|function|0x3B3
0x00503AA0|fn_00503AA0|function|0x80
0x00503B20|fn_00503B20|function|0x30
0x00503B50|fn_00503B50|function|0x10
0x00503B60|fn_00503B60|function|0x40
0x00503BA0|fn_00503BA0|function|0xE0
0x00503C80|fn_00503C80|function|0x70
0x00503CF0|fn_00503CF0|function|0xA0
0x00503D90|fn_00503D90|function|0x10
0x00503DA0|fn_00503DA0|function|0x10
0x00503DB0|fn_00503DB0|function|0x10
0x00503DC0|signed_min|function|0x10
0x00503DD0|fn_00503DD0|function|0xB0
0x00503E80|vfs_note_open|function|0xE0
0x00503F60|fn_00503F60|function|0x20
0x00503F80|fn_00503F80|function|0x20
0x00503FA0|fn_00503FA0|function|0x10
0x00503FB0|fn_00503FB0|function|0x10
0x00503FC0|fn_00503FC0|function|0x20
0x00503FE0|fn_00503FE0|function|0x90
0x00504070|fn_00504070|function|0x70
0x005040E0|fn_005040E0|function|0xB0
0x00504190|fn_00504190|function|0x20
0x005041B0|fn_005041B0|function|0x50
0x00504200|fn_00504200|function|0x30
0x00504230|fn_00504230|function|0x1D0
0x00504400|fn_00504400|function|0xB0
0x005044B0|fn_005044B0|function|0x20
0x005044D0|fn_005044D0|function|0x50
0x00504520|fn_00504520|function|0x2D0
0x005047F0|fn_005047F0|function|0x40
0x00504830|fn_00504830|function|0x40
0x00504870|fn_00504870|function|0x660
0x00504ED0|fn_00504ED0|function|0x40
0x00504F10|fn_00504F10|function|0x50
0x00504F60|fn_00504F60|function|0xC0
0x00505020|fn_00505020|function|0x20
0x00505040|fn_00505040|function|0x20
0x00505060|fn_00505060|function|0x30
0x00505090|fn_00505090|function|0x20
0x005050B0|fn_005050B0|function|0x70
0x00505120|fn_00505120|function|0x25
0x00505145|fn_00505145|function|0x10
0x00505155|fn_00505155|function|0xB
0x00505160|fn_00505160|function|0x40
0x005051A0|fn_005051A0|function|0xA4
0x00505244|fn_00505244|function|0x2A
0x0050526E|fn_0050526E|function|0x282
0x005054F0|fn_005054F0|function|0x20
0x00505510|fn_00505510|function|0x20
0x00505530|fn_00505530|function|0x10
0x00505540|fn_00505540|function|0x10
0x00505550|fn_00505550|function|0x30
0x00505580|fn_00505580|function|0x30
0x005055B0|fn_005055B0|function|0x30
0x005055E0|fn_005055E0|function|0x30
0x00505610|fn_00505610|function|0x30
0x00505640|fn_00505640|function|0x30
0x00505670|fn_00505670|function|0x30
0x005056A0|fn_005056A0|function|0x30
0x005056D0|fn_005056D0|function|0x30
0x00505700|fn_00505700|function|0x30
0x00505730|fn_00505730|function|0x30
0x00505760|fn_00505760|function|0x30
0x00505790|fn_00505790|function|0x30
0x005057C0|fn_005057C0|function|0x30
0x005057F0|fn_005057F0|function|0x30
0x00505820|fn_00505820|function|0x30
0x00505850|fn_00505850|function|0x30
0x00505880|fn_00505880|function|0x30
0x005058B0|fn_005058B0|function|0x30
0x005058E0|fn_005058E0|function|0x30
0x00505910|fn_00505910|function|0x30
0x00505940|fn_00505940|function|0x30
0x00505970|fn_00505970|function|0x30
0x005059A0|fn_005059A0|function|0x30
0x005059D0|fn_005059D0|function|0x30
0x00505A00|fn_00505A00|function|0x30
0x00505A30|fn_00505A30|function|0x30
0x00505A60|fn_00505A60|function|0x30
0x00505A90|fn_00505A90|function|0x30
0x00505AC0|fn_00505AC0|function|0x30
0x00505AF0|fn_00505AF0|function|0x20
0x00505B10|fn_00505B10|function|0x30
0x00505B40|fn_00505B40|function|0x90
0x00505BD0|fn_00505BD0|function|0x30
0x00505C00|fn_00505C00|function|0x90
0x00505C90|fn_00505C90|function|0x30
0x00505CC0|fn_00505CC0|function|0xC0
0x00505D80|fn_00505D80|function|0x30
0x00505DB0|fn_00505DB0|function|0x50
0x00505E00|fn_00505E00|function|0x310
0x00506110|fn_00506110|function|0x50
0x00506160|fn_00506160|function|0x10
0x00506170|fn_00506170|function|0x10
0x00506180|fn_00506180|function|0x10
0x00506190|fn_00506190|function|0x60
0x005061F0|fn_005061F0|function|0x3F0
0x005065E0|fn_005065E0|function|0x50
0x00506630|fn_00506630|function|0x50
0x00506680|fn_00506680|function|0x30
0x005066B0|fn_005066B0|function|0x110
0x005067C0|fn_005067C0|function|0x30
0x005067F0|fn_005067F0|function|0x20
0x00506810|fn_00506810|function|0x10
0x00506820|fn_00506820|function|0x20
0x00506840|fn_00506840|function|0x110
0x00506950|fn_00506950|function|0x10
0x00506960|fn_00506960|function|0x10
0x00506970|fn_00506970|function|0x30
0x005069A0|fn_005069A0|function|0x20
0x005069C0|fn_005069C0|function|0x20
0x005069E0|fn_005069E0|function|0x40
0x00506A20|fn_00506A20|function|0x30
0x00506A50|fn_00506A50|function|0x40
0x00506A90|fn_00506A90|function|0x100
0x00506B90|fn_00506B90|function|0x80
0x00506C10|fn_00506C10|function|0x30
0x00506C40|fn_00506C40|function|0x10
0x00506C50|fn_00506C50|function|0x20
0x00506C70|fn_00506C70|function|0x40
0x00506CB0|fn_00506CB0|function|0x210
0x00506EC0|fn_00506EC0|function|0xD0
0x00506F90|fn_00506F90|function|0x170
0x00507100|fn_00507100|function|0x210
0x00507310|fn_00507310|function|0x380
0x00507690|fn_00507690|function|0x140
0x005077D0|fn_005077D0|function|0x1E0
0x005079B0|fn_005079B0|function|0x40
0x005079F0|fn_005079F0|function|0x30
0x00507A20|fn_00507A20|function|0x60
0x00507A80|fn_00507A80|function|0x2A0
0x00507D20|fn_00507D20|function|0x10
0x00507D30|fn_00507D30|function|0x80
0x00507DB0|fn_00507DB0|function|0x1C0
0x00507F70|fn_00507F70|function|0x30
0x00507FA0|fn_00507FA0|function|0x30
0x00507FD0|fn_00507FD0|function|0x50
0x00508020|fn_00508020|function|0x40
0x00508060|fn_00508060|function|0x60
0x005080C0|fn_005080C0|function|0x50
0x00508110|fn_00508110|function|0x30
0x00508140|fn_00508140|function|0x20
0x00508160|fn_00508160|function|0x40
0x005081A0|fn_005081A0|function|0x20
0x005081C0|fn_005081C0|function|0x10
0x005081D0|fn_005081D0|function|0xC0
0x00508290|fn_00508290|function|0x20
0x005082B0|fn_005082B0|function|0x20
0x005082D0|fn_005082D0|function|0x30
0x00508300|fn_00508300|function|0x30
0x00508330|fn_00508330|function|0x30
0x00508360|fn_00508360|function|0xE0
0x00508440|fn_00508440|function|0xD0
0x00508510|fn_00508510|function|0x50
0x00508560|fn_00508560|function|0x410
0x00508970|fn_00508970|function|0x2F0
0x00508C60|fn_00508C60|function|0x110
0x00508D70|fn_00508D70|function|0x50
0x00508DC0|fn_00508DC0|function|0x270
0x00509030|fn_00509030|function|0x100
0x00509130|fn_00509130|function|0x270
0x005093A0|fn_005093A0|function|0x290
0x00509630|fn_00509630|function|0x30
0x00509660|fn_00509660|function|0x110
0x00509770|fn_00509770|function|0xA0
0x00509810|fn_00509810|function|0x1F0
0x00509A00|fn_00509A00|function|0x50
0x00509A50|fn_00509A50|function|0x30
0x00509A80|fn_00509A80|function|0x30
0x00509AB0|fn_00509AB0|function|0xA0
0x00509B50|fn_00509B50|function|0x60
0x00509BB0|fn_00509BB0|function|0xF0
0x00509CA0|fn_00509CA0|function|0x40
0x00509CE0|fn_00509CE0|function|0x60
0x00509D40|fn_00509D40|function|0xE0
0x00509E20|fn_00509E20|function|0x50
0x00509E70|fn_00509E70|function|0x50
0x00509EC0|fn_00509EC0|function|0x40
0x00509F00|fn_00509F00|function|0x10
0x00509F10|fn_00509F10|function|0xF0
0x0050A000|fn_0050A000|function|0x30
0x0050A030|fn_0050A030|function|0x150
0x0050A180|fn_0050A180|function|0x90
0x0050A210|fn_0050A210|function|0x390
0x0050A5A0|fn_0050A5A0|function|0x10
0x0050A5B0|fn_0050A5B0|function|0x5B0
0x0050AB60|fn_0050AB60|function|0xD0
0x0050AC30|fn_0050AC30|function|0x30
0x0050AC60|fn_0050AC60|function|0x2F0
0x0050AF50|fn_0050AF50|function|0x10
0x0050AF60|fn_0050AF60|function|0x20
0x0050AF80|fn_0050AF80|function|0x30
0x0050AFB0|fn_0050AFB0|function|0x30
0x0050AFE0|fn_0050AFE0|function|0x30
0x0050B010|fn_0050B010|function|0x30
0x0050B040|fn_0050B040|function|0x30
0x0050B070|fn_0050B070|function|0x30
0x0050B0A0|fn_0050B0A0|function|0x30
0x0050B0D0|fn_0050B0D0|function|0x30
0x0050B100|fn_0050B100|function|0x30
0x0050B130|fn_0050B130|function|0x20
0x0050B150|fn_0050B150|function|0x230
0x0050B380|fn_0050B380|function|0xD0
0x0050B450|fn_0050B450|function|0x70
0x0050B4C0|fn_0050B4C0|function|0xC70
0x0050C130|fn_0050C130|function|0xBD0
0x0050CD00|fn_0050CD00|function|0x9C0
0x0050D6C0|fn_0050D6C0|function|0x20
0x0050D6E0|fn_0050D6E0|function|0x10
0x0050D6F0|fn_0050D6F0|function|0xC0
0x0050D7B0|fn_0050D7B0|function|0x30
0x0050D7E0|fn_0050D7E0|function|0x50
0x0050D830|fn_0050D830|function|0x50
0x0050D880|fn_0050D880|function|0x30
0x0050D8B0|fn_0050D8B0|function|0x20
0x0050D8D0|fn_0050D8D0|function|0x40
0x0050D910|fn_0050D910|function|0x50
0x0050D960|fn_0050D960|function|0x20
0x0050D980|fn_0050D980|function|0x30
0x0050D9B0|fn_0050D9B0|function|0x20
0x0050D9D0|fn_0050D9D0|function|0x20
0x0050D9F0|fn_0050D9F0|function|0x20
0x0050DA10|fn_0050DA10|function|0x20
0x0050DA30|fn_0050DA30|function|0x20
0x0050DA50|fn_0050DA50|function|0x20
0x0050DA70|fn_0050DA70|function|0x20
0x0050DA90|fn_0050DA90|function|0x30
0x0050DAC0|fn_0050DAC0|function|0x90
0x0050DB50|fn_0050DB50|function|0x30
0x0050DB80|fn_0050DB80|function|0x90
0x0050DC10|fn_0050DC10|function|0x30
0x0050DC40|fn_0050DC40|function|0x30
0x0050DC70|fn_0050DC70|function|0x90
0x0050DD00|fn_0050DD00|function|0x30
0x0050DD30|fn_0050DD30|function|0x90
0x0050DDC0|fn_0050DDC0|function|0x30
0x0050DDF0|fn_0050DDF0|function|0x30
0x0050DE20|fn_0050DE20|function|0x30
0x0050DE50|fn_0050DE50|function|0x30
0x0050DE80|fn_0050DE80|function|0x20
0x0050DEA0|fn_0050DEA0|function|0x20
0x0050DEC0|fn_0050DEC0|function|0x290
0x0050E150|fn_0050E150|function|0x450
0x0050E5A0|fn_0050E5A0|function|0x40
0x0050E5E0|fn_0050E5E0|function|0x60
0x0050E640|fn_0050E640|function|0x110
0x0050E750|fn_0050E750|function|0x70
0x0050E7C0|fn_0050E7C0|function|0x50
0x0050E810|fn_0050E810|function|0x80
0x0050E890|fn_0050E890|function|0x80
0x0050E910|fn_0050E910|function|0x50
0x0050E960|fn_0050E960|function|0x30
0x0050E990|fn_0050E990|function|0x70
0x0050EA00|fn_0050EA00|function|0x50
0x0050EA50|fn_0050EA50|function|0xE0
0x0050EB30|fn_0050EB30|function|0x40
0x0050EB70|fn_0050EB70|function|0x70
0x0050EBE0|fn_0050EBE0|function|0xB0
0x0050EC90|fn_0050EC90|function|0x20
0x0050ECB0|fn_0050ECB0|function|0x10
0x0050ECC0|fn_0050ECC0|function|0x10
0x0050ECD0|fn_0050ECD0|function|0x90
0x0050ED60|fn_0050ED60|function|0x60
0x0050EDC0|fn_0050EDC0|function|0xB0
0x0050EE70|fn_0050EE70|function|0xC0
0x0050EF30|fn_0050EF30|function|0x30
0x0050EF60|fn_0050EF60|function|0x380
0x0050F2E0|fn_0050F2E0|function|0xA0
0x0050F380|fn_0050F380|function|0x20
0x0050F3A0|fn_0050F3A0|function|0x40
0x0050F3E0|fn_0050F3E0|function|0x20
0x0050F400|fn_0050F400|function|0x20
0x0050F420|fn_0050F420|function|0x240
0x0050F660|fn_0050F660|function|0x20
0x0050F680|fn_0050F680|function|0x10
0x0050F690|fn_0050F690|function|0x10
0x0050F6A0|fn_0050F6A0|function|0x20
0x0050F6C0|fn_0050F6C0|function|0x50
0x0050F710|fn_0050F710|function|0x50
0x0050F760|fn_0050F760|function|0x30
0x0050F790|fn_0050F790|function|0x40
0x0050F7D0|fn_0050F7D0|function|0x30
0x0050F800|fn_0050F800|function|0x40
0x0050F840|fn_0050F840|function|0x20
0x0050F860|fn_0050F860|function|0x20
0x0050F880|fn_0050F880|function|0x110
0x0050F990|fn_0050F990|function|0x20
0x0050F9B0|vec4_copy|function|0x20
0x0050F9D0|fn_0050F9D0|function|0x60
0x0050FA30|fn_0050FA30|function|0x70
0x0050FAA0|fn_0050FAA0|function|0x30
0x0050FAD0|fn_0050FAD0|function|0x60
0x0050FB30|fn_0050FB30|function|0x50
0x0050FB80|fn_0050FB80|function|0x40
0x0050FBC0|fn_0050FBC0|function|0x130
0x0050FCF0|fn_0050FCF0|function|0x130
0x0050FE20|fn_0050FE20|function|0x130
0x0050FF50|fn_0050FF50|function|0xD0
0x00510020|fn_00510020|function|0xA0
0x005100C0|fn_005100C0|function|0x50
0x00510110|fn_00510110|function|0x130
0x00510240|fn_00510240|function|0x150
0x00510390|fn_00510390|function|0x180
0x00510510|fn_00510510|function|0x630
0x00510B40|fn_00510B40|function|0x150
0x00510C90|fn_00510C90|function|0x3C0
0x00511050|vfs_after_root_2|function|0x30
0x00511080|fn_00511080|function|0xC0
0x00511140|fn_00511140|function|0xC0
0x00511200|fn_00511200|function|0xD0
0x005112D0|fn_005112D0|function|0xD0
0x005113A0|fn_005113A0|function|0x50
0x005113F0|fn_005113F0|function|0x60
0x00511450|fn_00511450|function|0x60
0x005114B0|fn_005114B0|function|0xC0
0x00511570|fn_00511570|function|0x2D0
0x00511840|fn_00511840|function|0x20
0x00511860|fn_00511860|function|0x250
0x00511AB0|fn_00511AB0|function|0xC0
0x00511B70|fn_00511B70|function|0x40
0x00511BB0|fn_00511BB0|function|0x60
0x00511C10|fn_00511C10|function|0x20
0x00511C30|fn_00511C30|function|0x40
0x00511C70|fn_00511C70|function|0x80
0x00511CF0|fn_00511CF0|function|0x20
0x00511D10|fn_00511D10|function|0x20
0x00511D30|fn_00511D30|function|0x50
0x00511D80|fn_00511D80|function|0xD0
0x00511E50|fn_00511E50|function|0x140
0x00511F90|fn_00511F90|function|0xC0
0x00512050|fn_00512050|function|0xC0
0x00512110|fn_00512110|function|0xB0
0x005121C0|fn_005121C0|function|0x50
0x00512210|fn_00512210|function|0x70
0x00512280|fn_00512280|function|0x90
0x00512310|fn_00512310|function|0x30
0x00512340|fn_00512340|function|0x30
0x00512370|fn_00512370|function|0x20
0x00512390|fn_00512390|function|0x130
0x005124C0|vfs_heap_alloc3|function|0x70
0x00512530|vfs_heap_forward|function|0x20
0x00512550|vfs_heap_alloc|function|0x20
0x00512570|vfs_heap_free|function|0x10
0x00512580|fn_00512580|function|0x1F0
0x00512770|fn_00512770|function|0x50
0x005127C0|vfs_block_alloc|function|0x30
0x005127F0|fn_005127F0|function|0x10
0x00512800|fn_00512800|function|0x10
0x00512810|fn_00512810|function|0x10
0x00512820|fn_00512820|function|0x60
0x00512880|fn_00512880|function|0x30
0x005128B0|fn_005128B0|function|0x10
0x005128C0|fn_005128C0|function|0x20
0x005128E0|fn_005128E0|function|0x20
0x00512900|fn_00512900|function|0x30
0x00512930|fn_00512930|function|0x140
0x00512A70|vfs_resolve_path|function|0x80
0x00512AF0|vfs_copy_search_dir|function|0x40
0x00512B30|vfs_make_hd_path|function|0xD0
0x00512C00|vfs_make_cd_path|function|0xD0
0x00512CD0|vfs_path_id_ok|function|0x30
0x00512D00|vfs_shutdown|function|0x60
0x00512D60|vfs_set_root|function|0x100
0x00512E60|vfs_add_search_path|function|0x220
0x00513080|vfs_clear_search_path|function|0x20
0x005130A0|fn_005130A0|function|0x60
0x00513100|fn_00513100|function|0x60
0x00513160|packfile_basename|function|0x60
0x005131C0|extension_of|function|0x20
0x005131E0|vfs_prepare_directory|function|0x30
0x00513210|fn_00513210|function|0x70
0x00513280|fn_00513280|function|0xF0
0x00513370|fn_00513370|function|0x20
0x00513390|fn_00513390|function|0x20
0x005133B0|fn_005133B0|function|0x1E0
0x00513590|fn_00513590|function|0x490
0x00513A20|fn_00513A20|function|0x10
0x00513A30|fn_00513A30|function|0x20
0x00513A50|fn_00513A50|function|0x20
0x00513A70|fn_00513A70|function|0x20
0x00513A90|fn_00513A90|function|0x70
0x00513B00|fn_00513B00|function|0x30
0x00513B30|fn_00513B30|function|0x10
0x00513B40|fn_00513B40|function|0x70
0x00513BB0|fn_00513BB0|function|0x40
0x00513BF0|fn_00513BF0|function|0x50
0x00513C40|fn_00513C40|function|0x40
0x00513C80|fn_00513C80|function|0x40
0x00513CC0|fn_00513CC0|function|0x40
0x00513D00|fn_00513D00|function|0x40
0x00513D40|fn_00513D40|function|0x60
0x00513DA0|fn_00513DA0|function|0x60
0x00513E00|fn_00513E00|function|0x60
0x00513E60|fn_00513E60|function|0x30
0x00513E90|fn_00513E90|function|0x30
0x00513EC0|vfs_file_probe|function|0x70
0x00513F30|vfs_file_try_hd|function|0x40
0x00513F70|vfs_file_try_cd|function|0x40
0x00513FB0|vfs_file_is_absolute|function|0x20
0x00513FD0|vfs_file_archive_path|function|0xE0
0x005140B0|vfs_alloc_slot|function|0x20
0x005140D0|vfs_file_ctor|function|0x20
0x005140F0|vfs_file_dtor|function|0x10
0x00514100|vfs_file_mode_mask|function|0x20
0x00514120|vfs_file_user_ge|function|0x30
0x00514150|vfs_file_user|function|0x20
0x00514170|vfs_file_set_user|function|0x20
0x00514190|vfs_file_path|function|0x10
0x005141A0|vfs_file_leaf|function|0x20
0x005141C0|vfs_file_open|function|0x220
0x005143E0|vfs_file_set_scramble|function|0x80
0x00514460|vfs_file_acquire|function|0x1D0
0x00514630|vfs_file_open_mode|function|0x110
0x00514740|vfs_file_close|function|0x80
0x005147C0|vfs_file_read_ready|function|0x50
0x00514810|vfs_file_flush|function|0x50
0x00514860|vfs_file_length|function|0x90
0x005148F0|vfs_file_from_cd|function|0x20
0x00514910|vfs_file_seek|function|0xE0
0x005149F0|vfs_file_position|function|0x20
0x00514A10|vfs_file_at_end|function|0x30
0x00514A40|vfs_file_error|function|0x20
0x00514A60|vfs_file_get_path_id|function|0x10
0x00514A70|vfs_file_is_open|function|0x10
0x00514A80|vfs_file_remove|function|0x60
0x00514AE0|vfs_file_rename|function|0x110
0x00514BF0|vfs_file_attributes|function|0x70
0x00514C60|vfs_file_set_attributes|function|0x80
0x00514CE0|vfs_file_clear_attributes|function|0x80
0x00514D60|vfs_file_checksum|function|0x150
0x00514EB0|checksum_clear|function|0x10
0x00514EC0|fn_00514EC0|function|0x40
0x00514F00|fn_00514F00|function|0x60
0x00514F60|fn_00514F60|function|0x50
0x00514FB0|fn_00514FB0|function|0x80
0x00515030|fn_00515030|function|0x270
0x005152A0|fn_005152A0|function|0x110
0x005153B0|fn_005153B0|function|0x120
0x005154D0|fn_005154D0|function|0x30
0x00515500|vfs_ext_listed|function|0xE0
0x005155E0|vfs_lower_text|function|0x40
0x00515620|fn_00515620|function|0x1E0
0x00515800|fn_00515800|function|0x80
0x00515880|fn_00515880|function|0xE0
0x00515960|fn_00515960|function|0x10
0x00515970|fn_00515970|function|0x60
0x005159D0|fn_005159D0|function|0x10
0x005159E0|fn_005159E0|function|0x40
0x00515A20|fn_00515A20|function|0x60
0x00515A80|fn_00515A80|function|0x70
0x00515AF0|fn_00515AF0|function|0x40
0x00515B30|fn_00515B30|function|0x70
0x00515BA0|fn_00515BA0|function|0x80
0x00515C20|fn_00515C20|function|0x30
0x00515C50|fn_00515C50|function|0x30
0x00515C80|fn_00515C80|function|0x60
0x00515CE0|fn_00515CE0|function|0x20
0x00515D00|fn_00515D00|function|0x20
0x00515D20|fn_00515D20|function|0x170
0x00515E90|fn_00515E90|function|0x30
0x00515EC0|fn_00515EC0|function|0x20
0x00515EE0|fn_00515EE0|function|0xB0
0x00515F90|fn_00515F90|function|0x80
0x00516010|fn_00516010|function|0x80
0x00516090|fn_00516090|function|0x40
0x005160D0|fn_005160D0|function|0x40
0x00516110|fn_00516110|function|0x40
0x00516150|fn_00516150|function|0x90
0x005161E0|fn_005161E0|function|0x50
0x00516230|fn_00516230|function|0x60
0x00516290|fn_00516290|function|0xF0
0x00516380|fn_00516380|function|0xE0
0x00516460|fn_00516460|function|0xB0
0x00516510|fn_00516510|function|0x90
0x005165A0|fn_005165A0|function|0x90
0x00516630|fn_00516630|function|0x80
0x005166B0|fn_005166B0|function|0xD0
0x00516780|fn_00516780|function|0x1C0
0x00516940|fn_00516940|function|0xF0
0x00516A30|fn_00516A30|function|0x80
0x00516AB0|fn_00516AB0|function|0x120
0x00516BD0|fn_00516BD0|function|0xA0
0x00516C70|fn_00516C70|function|0x30
0x00516CA0|fn_00516CA0|function|0x570
0x00517210|fn_00517210|function|0x10
0x00517220|fn_00517220|function|0x370
0x00517590|fn_00517590|function|0x50
0x005175E0|fn_005175E0|function|0x50
0x00517630|fn_00517630|function|0x50
0x00517680|fn_00517680|function|0xB0
0x00517730|fn_00517730|function|0x50
0x00517780|fn_00517780|function|0xA0
0x00517820|fn_00517820|function|0xA0
0x005178C0|fn_005178C0|function|0x220
0x00517AE0|fn_00517AE0|function|0x110
0x00517BF0|fn_00517BF0|function|0x20
0x00517C10|fn_00517C10|function|0x110
0x00517D20|fn_00517D20|function|0x50
0x00517D70|fn_00517D70|function|0x50
0x00517DC0|fn_00517DC0|function|0x40
0x00517E00|fn_00517E00|function|0x970
0x00518770|fn_00518770|function|0x110
0x00518880|fn_00518880|function|0x50
0x005188D0|fn_005188D0|function|0x160
0x00518A30|fn_00518A30|function|0x60
0x00518A90|fn_00518A90|function|0x30
0x00518AC0|fn_00518AC0|function|0xC0
0x00518B80|fn_00518B80|function|0x30
0x00518BB0|fn_00518BB0|function|0x130
0x00518CE0|fn_00518CE0|function|0x90
0x00518D70|fn_00518D70|function|0x1C0
0x00518F30|fn_00518F30|function|0x290
0x005191C0|fn_005191C0|function|0x1B0
0x00519370|fn_00519370|function|0x30
0x005193A0|fn_005193A0|function|0x50
0x005193F0|fn_005193F0|function|0x50
0x00519440|fn_00519440|function|0x70
0x005194B0|fn_005194B0|function|0x30
0x005194E0|fn_005194E0|function|0x30
0x00519510|fn_00519510|function|0x60
0x00519570|fn_00519570|function|0x140
0x005196B0|fn_005196B0|function|0x50
0x00519700|fn_00519700|function|0x140
0x00519840|fn_00519840|function|0x10
0x00519850|fn_00519850|function|0x50
0x005198A0|fn_005198A0|function|0x30
0x005198D0|fn_005198D0|function|0x1F0
0x00519AC0|fn_00519AC0|function|0x670
0x0051A130|fn_0051A130|function|0xB0
0x0051A1E0|fn_0051A1E0|function|0x50
0x0051A230|fn_0051A230|function|0x470
0x0051A6A0|fn_0051A6A0|function|0x50
0x0051A6F0|fn_0051A6F0|function|0x90
0x0051A780|fn_0051A780|function|0xF0
0x0051A870|fn_0051A870|function|0x10
0x0051A880|fn_0051A880|function|0x10
0x0051A890|fn_0051A890|function|0xC0
0x0051A950|fn_0051A950|function|0x160
0x0051AAB0|fn_0051AAB0|function|0x100
0x0051ABB0|fn_0051ABB0|function|0x20
0x0051ABD0|fn_0051ABD0|function|0xE0
0x0051ACB0|fn_0051ACB0|function|0x50
0x0051AD00|fn_0051AD00|function|0xC0
0x0051ADC0|fn_0051ADC0|function|0x40
0x0051AE00|fn_0051AE00|function|0x70
0x0051AE70|fn_0051AE70|function|0x10
0x0051AE80|fn_0051AE80|function|0x10
0x0051AE90|fn_0051AE90|function|0x50
0x0051AEE0|fn_0051AEE0|function|0x90
0x0051AF70|fn_0051AF70|function|0x70
0x0051AFE0|fn_0051AFE0|function|0x20
0x0051B000|fn_0051B000|function|0x70
0x0051B070|fn_0051B070|function|0x50
0x0051B0C0|fn_0051B0C0|function|0x40
0x0051B100|fn_0051B100|function|0x40
0x0051B140|fn_0051B140|function|0x80
0x0051B1C0|fn_0051B1C0|function|0x20
0x0051B1E0|fn_0051B1E0|function|0x70
0x0051B250|fn_0051B250|function|0x40
0x0051B290|fn_0051B290|function|0xA0
0x0051B330|fn_0051B330|function|0x50
0x0051B380|fn_0051B380|function|0x30
0x0051B3B0|fn_0051B3B0|function|0x40
0x0051B3F0|fn_0051B3F0|function|0x70
0x0051B460|fn_0051B460|function|0x40
0x0051B4A0|fn_0051B4A0|function|0xC0
0x0051B560|fn_0051B560|function|0x20
0x0051B580|fn_0051B580|function|0x10
0x0051B590|fn_0051B590|function|0x30
0x0051B5C0|fn_0051B5C0|function|0x30
0x0051B5F0|fn_0051B5F0|function|0xC0
0x0051B6B0|fn_0051B6B0|function|0x10
0x0051B6C0|mat34_copy|function|0x20
0x0051B6E0|fn_0051B6E0|function|0x20
0x0051B700|fn_0051B700|function|0x30
0x0051B730|fn_0051B730|function|0x20
0x0051B750|fn_0051B750|function|0x10
0x0051B760|fn_0051B760|function|0x410
0x0051BB70|fn_0051BB70|function|0x30
0x0051BBA0|fn_0051BBA0|function|0x30
0x0051BBD0|fn_0051BBD0|function|0x30
0x0051BC00|fn_0051BC00|function|0x30
0x0051BC30|fn_0051BC30|function|0x30
0x0051BC60|fn_0051BC60|function|0x30
0x0051BC90|fn_0051BC90|function|0x30
0x0051BCC0|fn_0051BCC0|function|0x30
0x0051BCF0|fn_0051BCF0|function|0x30
0x0051BD20|fn_0051BD20|function|0x10
0x0051BD30|fn_0051BD30|function|0x10
0x0051BD40|fn_0051BD40|function|0x20
0x0051BD60|fn_0051BD60|function|0x30
0x0051BD90|fn_0051BD90|function|0x10
0x0051BDA0|fn_0051BDA0|function|0xE0
0x0051BE80|fn_0051BE80|function|0x20
0x0051BEA0|fn_0051BEA0|function|0x80
0x0051BF20|fn_0051BF20|function|0x50
0x0051BF70|fn_0051BF70|function|0x60
0x0051BFD0|fn_0051BFD0|function|0x3A0
0x0051C370|fn_0051C370|function|0x120
0x0051C490|fn_0051C490|function|0x90
0x0051C520|fn_0051C520|function|0xA0
0x0051C5C0|fn_0051C5C0|function|0xA0
0x0051C660|fn_0051C660|function|0x20
0x0051C680|fn_0051C680|function|0x20
0x0051C6A0|fn_0051C6A0|function|0x80
0x0051C720|fn_0051C720|function|0xE0
0x0051C800|fn_0051C800|function|0x10
0x0051C810|fn_0051C810|function|0x50
0x0051C860|fn_0051C860|function|0x50
0x0051C8B0|fn_0051C8B0|function|0x110
0x0051C9C0|fn_0051C9C0|function|0x30
0x0051C9F0|fn_0051C9F0|function|0x40
0x0051CA30|fn_0051CA30|function|0x30
0x0051CA60|fn_0051CA60|function|0x270
0x0051CCD0|fn_0051CCD0|function|0x70
0x0051CD40|fn_0051CD40|function|0x220
0x0051CF60|fn_0051CF60|function|0x2E0
0x0051D240|fn_0051D240|function|0x10
0x0051D250|fn_0051D250|function|0x560
0x0051D7B0|fn_0051D7B0|function|0x3A0
0x0051DB50|fn_0051DB50|function|0x60
0x0051DBB0|fn_0051DBB0|function|0x70
0x0051DC20|fn_0051DC20|function|0x30
0x0051DC50|fn_0051DC50|function|0x50
0x0051DCA0|fn_0051DCA0|function|0x60
0x0051DD00|fn_0051DD00|function|0x190
0x0051DE90|fn_0051DE90|function|0x30
0x0051DEC0|fn_0051DEC0|function|0x30
0x0051DEF0|fn_0051DEF0|function|0x20
0x0051DF10|fn_0051DF10|function|0xE0
0x0051DFF0|fn_0051DFF0|function|0x20
0x0051E010|fn_0051E010|function|0x10
0x0051E020|fn_0051E020|function|0x20
0x0051E040|fn_0051E040|function|0x20
0x0051E060|fn_0051E060|function|0x10
0x0051E070|fn_0051E070|function|0x30
0x0051E0A0|fn_0051E0A0|function|0x20
0x0051E0C0|fn_0051E0C0|function|0x40
0x0051E100|fn_0051E100|function|0x40
0x0051E140|fn_0051E140|function|0xF0
0x0051E230|fn_0051E230|function|0x30
0x0051E260|fn_0051E260|function|0x30
0x0051E290|fn_0051E290|function|0xD0
0x0051E360|fn_0051E360|function|0x20
0x0051E380|fn_0051E380|function|0x70
0x0051E3F0|fn_0051E3F0|function|0x150
0x0051E540|fn_0051E540|function|0xA0
0x0051E5E0|fn_0051E5E0|function|0x270
0x0051E850|fn_0051E850|function|0x70
0x0051E8C0|fn_0051E8C0|function|0x50
0x0051E910|fn_0051E910|function|0x60
0x0051E970|fn_0051E970|function|0x1A0
0x0051EB10|fn_0051EB10|function|0x40
0x0051EB50|fn_0051EB50|function|0x10
0x0051EB60|fn_0051EB60|function|0x50
0x0051EBB0|fn_0051EBB0|function|0xC0
0x0051EC70|fn_0051EC70|function|0x460
0x0051F0D0|fn_0051F0D0|function|0x2B9
0x0051F389|fn_0051F389|function|0x27
0x0051F3B0|fn_0051F3B0|function|0x180
0x0051F530|fn_0051F530|function|0x10
0x0051F540|fn_0051F540|function|0x10
0x0051F550|fn_0051F550|function|0x10
0x0051F560|fn_0051F560|function|0x400
0x0051F960|fn_0051F960|function|0xC0
0x0051FA20|fn_0051FA20|function|0xD0
0x0051FAF0|fn_0051FAF0|function|0x20
0x0051FB10|fn_0051FB10|function|0x30
0x0051FB40|fn_0051FB40|function|0x50
0x0051FB90|fn_0051FB90|function|0xF0
0x0051FC80|fn_0051FC80|function|0x30
0x0051FCB0|fn_0051FCB0|function|0x110
0x0051FDC0|fn_0051FDC0|function|0x2B0
0x00520070|fn_00520070|function|0x20
0x00520090|fn_00520090|function|0x20
0x005200B0|fn_005200B0|function|0xB0
0x00520160|fn_00520160|function|0x90
0x005201F0|fn_005201F0|function|0x20
0x00520210|fn_00520210|function|0x70
0x00520280|fn_00520280|function|0x30
0x005202B0|fn_005202B0|function|0x20
0x005202D0|fn_005202D0|function|0x20
0x005202F0|fn_005202F0|function|0x20
0x00520310|fn_00520310|function|0x50
0x00520360|fn_00520360|function|0x20
0x00520380|fn_00520380|function|0x10
0x00520390|fn_00520390|function|0x10
0x005203A0|fn_005203A0|function|0x10
0x005203B0|fn_005203B0|function|0x10
0x005203C0|fn_005203C0|function|0x30
0x005203F0|fn_005203F0|function|0x10
0x00520400|fn_00520400|function|0x20
0x00520420|fn_00520420|function|0xA0
0x005204C0|fn_005204C0|function|0x10
0x005204D0|fn_005204D0|function|0x20
0x005204F0|fn_005204F0|function|0x20
0x00520510|fn_00520510|function|0x20
0x00520530|fn_00520530|function|0x20
0x00520550|fn_00520550|function|0x20
0x00520570|fn_00520570|function|0x40
0x005205B0|fn_005205B0|function|0xD0
0x00520680|fn_00520680|function|0x40
0x005206C0|fn_005206C0|function|0x20
0x005206E0|fn_005206E0|function|0x30
0x00520710|fn_00520710|function|0x60
0x00520770|fn_00520770|function|0x20
0x00520790|fn_00520790|function|0x20
0x005207B0|fn_005207B0|function|0x20
0x005207D0|fn_005207D0|function|0x1F0
0x005209C0|fn_005209C0|function|0x200
0x00520BC0|fn_00520BC0|function|0x50
0x00520C10|fn_00520C10|function|0x40
0x00520C50|fn_00520C50|function|0x20
0x00520C70|fn_00520C70|function|0x70
0x00520CE0|fn_00520CE0|function|0x70
0x00520D50|fn_00520D50|function|0x90
0x00520DE0|fn_00520DE0|function|0x30
0x00520E10|fn_00520E10|function|0x90
0x00520EA0|fn_00520EA0|function|0x80
0x00520F20|fn_00520F20|function|0x80
0x00520FA0|fn_00520FA0|function|0x110
0x005210B0|fn_005210B0|function|0x140
0x005211F0|fn_005211F0|function|0x80
0x00521270|fn_00521270|function|0xA0
0x00521310|fn_00521310|function|0xA0
0x005213B0|fn_005213B0|function|0xD0
0x00521480|fn_00521480|function|0x150
0x005215D0|fn_005215D0|function|0x30
0x00521600|fn_00521600|function|0x20
0x00521620|fn_00521620|function|0x30
0x00521650|fn_00521650|function|0x30
0x00521680|fn_00521680|function|0x60
0x005216E0|fn_005216E0|function|0x80
0x00521760|fn_00521760|function|0x60
0x005217C0|fn_005217C0|function|0x40
0x00521800|fn_00521800|function|0x30
0x00521830|fn_00521830|function|0x70
0x005218A0|fn_005218A0|function|0x40
0x005218E0|fn_005218E0|function|0x70
0x00521950|fn_00521950|function|0x30
0x00521980|fn_00521980|function|0x20
0x005219A0|fn_005219A0|function|0x90
0x00521A30|fn_00521A30|function|0x30
0x00521A60|fn_00521A60|function|0xB0
0x00521B10|fn_00521B10|function|0x60
0x00521B70|fn_00521B70|function|0x20
0x00521B90|fn_00521B90|function|0x10
0x00521BA0|fn_00521BA0|function|0x230
0x00521DD0|fn_00521DD0|function|0x30
0x00521E00|fn_00521E00|function|0x10
0x00521E10|fn_00521E10|function|0x10
0x00521E20|fn_00521E20|function|0x20
0x00521E40|fn_00521E40|function|0x50
0x00521E90|fn_00521E90|function|0x40
0x00521ED0|fn_00521ED0|function|0x40
0x00521F10|fn_00521F10|function|0x10
0x00521F20|fn_00521F20|function|0x20
0x00521F40|fn_00521F40|function|0x90
0x00521FD0|fn_00521FD0|function|0x50
0x00522020|fn_00522020|function|0x70
0x00522090|fn_00522090|function|0x40
0x005220D0|fn_005220D0|function|0x350
0x00522420|fn_00522420|function|0x160
0x00522580|fn_00522580|function|0x30
0x005225B0|fn_005225B0|function|0x30
0x005225E0|fn_005225E0|function|0x30
0x00522610|fn_00522610|function|0x180
0x00522790|fn_00522790|function|0x1A0
0x00522930|fn_00522930|function|0x110
0x00522A40|fn_00522A40|function|0x1B0
0x00522BF0|fn_00522BF0|function|0xD0
0x00522CC0|fn_00522CC0|function|0xD0
0x00522D90|fn_00522D90|function|0x190
0x00522F20|fn_00522F20|function|0x50
0x00522F70|fn_00522F70|function|0xE0
0x00523050|fn_00523050|function|0xA0
0x005230F0|fn_005230F0|function|0x30
0x00523120|fn_00523120|function|0xC0
0x005231E0|fn_005231E0|function|0xD0
0x005232B0|fn_005232B0|function|0x250
0x00523500|vfs_after_root_1|function|0x20
0x00523520|fn_00523520|function|0x30
0x00523550|fn_00523550|function|0x50
0x005235A0|fn_005235A0|function|0x220
0x005237C0|fn_005237C0|function|0x2D0
0x00523A90|fn_00523A90|function|0x80
0x00523B10|fn_00523B10|function|0xF0
0x00523C00|fn_00523C00|function|0x60
0x00523C60|fn_00523C60|function|0x60
0x00523CC0|fn_00523CC0|function|0x60
0x00523D20|fn_00523D20|function|0x30
0x00523D50|fn_00523D50|function|0x30
0x00523D80|fn_00523D80|function|0x30
0x00523DB0|fn_00523DB0|function|0x40
0x00523DF0|fn_00523DF0|function|0x40
0x00523E30|fn_00523E30|function|0x40
0x00523E70|fn_00523E70|function|0x40
0x00523EB0|fn_00523EB0|function|0x40
0x00523EF0|fn_00523EF0|function|0x40
0x00523F30|fn_00523F30|function|0x30
0x00523F60|fn_00523F60|function|0x20
0x00523F80|fn_00523F80|function|0x20
0x00523FA0|fn_00523FA0|function|0x20
0x00523FC0|fn_00523FC0|function|0x40
0x00524000|fn_00524000|function|0x10
0x00524010|fn_00524010|function|0xD0
0x005240E0|fn_005240E0|function|0xE0
0x005241C0|fn_005241C0|function|0x20
0x005241E0|fn_005241E0|function|0x40
0x00524220|fn_00524220|function|0x50
0x00524270|fn_00524270|function|0x50
0x005242C0|fn_005242C0|function|0xB0
0x00524370|fn_00524370|function|0x60
0x005243D0|fn_005243D0|function|0x60
0x00524430|fn_00524430|function|0x40
0x00524470|fn_00524470|function|0x40
0x005244B0|fn_005244B0|function|0x60
0x00524510|fn_00524510|function|0x70
0x00524580|fn_00524580|function|0x20
0x005245A0|fn_005245A0|function|0x50
0x005245F0|fn_005245F0|function|0x50
0x00524640|vfs_after_root_0|function|0x10
0x00524650|fn_00524650|function|0x50
0x005246A0|fn_005246A0|function|0x50
0x005246F0|fn_005246F0|function|0x90
0x00524780|fn_00524780|function|0x40
0x005247C0|fn_005247C0|function|0x50
0x00524810|fn_00524810|function|0x30
0x00524840|fn_00524840|function|0x30
0x00524870|fn_00524870|function|0x60
0x005248D0|fn_005248D0|function|0x40
0x00524910|fn_00524910|function|0x34
0x00524944|fn_00524944|function|0x1C
0x00524960|fn_00524960|function|0x30
0x00524990|fn_00524990|function|0x50
0x005249E0|fn_005249E0|function|0xD0
0x00524AB0|fn_00524AB0|function|0x30
0x00524AE0|fn_00524AE0|function|0x70
0x00524B50|fn_00524B50|function|0xC0
0x00524C10|fn_00524C10|function|0x435
0x00525045|fn_00525045|function|0x1
0x00525046|fn_00525046|function|0x3CA
0x00525410|fn_00525410|function|0xC0
0x005254D0|fn_005254D0|function|0x180
0x00525650|fn_00525650|function|0x20
0x00525670|fn_00525670|function|0x30
0x005256A0|fn_005256A0|function|0x30
0x005256D0|fn_005256D0|function|0x30
0x00525700|fn_00525700|function|0x20
0x00525720|fn_00525720|function|0x20
0x00525740|fn_00525740|function|0x20
0x00525760|fn_00525760|function|0x20
0x00525780|fn_00525780|function|0x20
0x005257A0|vfs_read_text|function|0x60
0x00525800|vfs_read_bool|function|0x50
0x00525850|vfs_read_byte|function|0x50
0x005258A0|vfs_read_byte_b|function|0x50
0x005258F0|vfs_read_word|function|0x50
0x00525940|vfs_read_word_b|function|0x50
0x00525990|vfs_read_dword|function|0x50
0x005259E0|vfs_read_dword_b|function|0x50
0x00525A30|vfs_read_float|function|0x50
0x00525A80|vfs_read_vec3|function|0x50
0x00525AD0|vfs_read_vec4|function|0x70
0x00525B40|vfs_read_basis|function|0x60
0x00525BA0|vfs_read_mat34|function|0xF0
0x00525C90|vfs_read_text_ver|function|0x50
0x00525CE0|vfs_read_cstr_text|function|0xA0
0x00525D80|vfs_read_line_text|function|0xA0
0x00525E20|vfs_read_chars|function|0xC0
0x00525EE0|vfs_read_cstr|function|0x80
0x00525F60|vfs_read_line|function|0x80
0x00525FE0|vfs_file_read|function|0x210
0x005261F0|vfs_write_bool|function|0x20
0x00526210|vfs_write_byte|function|0x10
0x00526220|vfs_write_byte_b|function|0x10
0x00526230|vfs_write_word|function|0x10
0x00526240|vfs_write_word_b|function|0x10
0x00526250|vfs_write_dword|function|0x10
0x00526260|vfs_write_dword_b|function|0x10
0x00526270|vfs_write_dword_c|function|0x10
0x00526280|vfs_write_vec3|function|0x10
0x00526290|vfs_write_vec4|function|0x40
0x005262D0|vfs_write_basis|function|0x30
0x00526300|vfs_write_mat34|function|0x90
0x00526390|vfs_write_string|function|0x50
0x005263E0|vfs_write_cstr|function|0x30
0x00526410|vfs_write_raw|function|0xD0
0x005264E0|vfs_write_line|function|0xA0
0x00526580|vfs_io_bool|function|0x40
0x005265C0|vfs_io_byte|function|0x40
0x00526600|vfs_io_byte_b|function|0x40
0x00526640|vfs_io_word|function|0x40
0x00526680|vfs_io_word_b|function|0x40
0x005266C0|vfs_io_dword|function|0x40
0x00526700|vfs_io_dword_b|function|0x40
0x00526740|vfs_io_float|function|0x40
0x00526780|vfs_io_vec3|function|0x40
0x005267C0|vfs_io_vec4|function|0x40
0x00526800|vfs_io_basis|function|0x40
0x00526840|vfs_io_mat34|function|0x40
0x00526880|vfs_io_text|function|0x40
0x005268C0|vfs_io_chars|function|0x40
0x00526900|vfs_io_bytes|function|0x40
0x00526940|fn_00526940|function|0x50
0x00526990|fn_00526990|function|0x30
0x005269C0|fn_005269C0|function|0x20
0x005269E0|fn_005269E0|function|0x20
0x00526A00|fn_00526A00|function|0x50
0x00526A50|fn_00526A50|function|0x4B4
0x00526F04|fn_00526F04|function|0x2C
0x00526F30|fn_00526F30|function|0x40
0x00526F70|fn_00526F70|function|0xE0
0x00527050|fn_00527050|function|0xB0
0x00527100|fn_00527100|function|0x1C0
0x005272C0|fn_005272C0|function|0x30
0x005272F0|fn_005272F0|function|0x40
0x00527330|fn_00527330|function|0x40
0x00527370|fn_00527370|function|0x50
0x005273C0|fn_005273C0|function|0x10
0x005273D0|fn_005273D0|function|0x10
0x005273E0|fn_005273E0|function|0x40
0x00527420|fn_00527420|function|0x20
0x00527440|fn_00527440|function|0x250
0x00527690|fn_00527690|function|0x760
0x00527DF0|fn_00527DF0|function|0x30
0x00527E20|fn_00527E20|function|0x30
0x00527E50|fn_00527E50|function|0x50
0x00527EA0|fn_00527EA0|function|0x70
0x00527F10|fn_00527F10|function|0x90
0x00527FA0|fn_00527FA0|function|0xC0
0x00528060|fn_00528060|function|0x30
0x00528090|fn_00528090|function|0x50
0x005280E0|fn_005280E0|function|0x350
0x00528430|fn_00528430|function|0x2790
0x0052ABC0|fn_0052ABC0|function|0x30
0x0052ABF0|fn_0052ABF0|function|0x264
0x0052AE54|fn_0052AE54|function|0x4C
0x0052AEA0|fn_0052AEA0|function|0x50
0x0052AEF0|fn_0052AEF0|function|0x100
0x0052AFF0|fn_0052AFF0|function|0x30
0x0052B020|fn_0052B020|function|0x80
0x0052B0A0|fn_0052B0A0|function|0x60
0x0052B100|fn_0052B100|function|0x100
0x0052B200|fn_0052B200|function|0x430
0x0052B630|fn_0052B630|function|0xD0
0x0052B700|fn_0052B700|function|0x10
0x0052B710|fn_0052B710|function|0xB0
0x0052B7C0|fn_0052B7C0|function|0x40
0x0052B800|fn_0052B800|function|0x50
0x0052B850|fn_0052B850|function|0x1A0
0x0052B9F0|fn_0052B9F0|function|0x230
0x0052BC20|fn_0052BC20|function|0x270
0x0052BE90|fn_0052BE90|function|0x50
0x0052BEE0|fn_0052BEE0|function|0x50
0x0052BF30|fn_0052BF30|function|0x50
0x0052BF80|fn_0052BF80|function|0x20
0x0052BFA0|fn_0052BFA0|function|0x20
0x0052BFC0|fn_0052BFC0|function|0x20
0x0052BFE0|fn_0052BFE0|function|0x60
0x0052C040|fn_0052C040|function|0xA0
0x0052C0E0|fn_0052C0E0|function|0x10
0x0052C0F0|fn_0052C0F0|function|0x90
0x0052C180|fn_0052C180|function|0x1B0
0x0052C330|fn_0052C330|function|0x60
0x0052C390|fn_0052C390|function|0x40
0x0052C3D0|fn_0052C3D0|function|0x20
0x0052C3F0|fn_0052C3F0|function|0x20
0x0052C410|fn_0052C410|function|0x10
0x0052C420|fn_0052C420|function|0x40
0x0052C460|fn_0052C460|function|0x40
0x0052C4A0|fn_0052C4A0|function|0x10
0x0052C4B0|fn_0052C4B0|function|0x40
0x0052C4F0|fn_0052C4F0|function|0x40
0x0052C530|fn_0052C530|function|0x40
0x0052C570|fn_0052C570|function|0x50
0x0052C5C0|fn_0052C5C0|function|0x10
0x0052C5D0|fn_0052C5D0|function|0x10
0x0052C5E0|fn_0052C5E0|function|0x10
0x0052C5F0|fn_0052C5F0|function|0x10
0x0052C600|fn_0052C600|function|0x30
0x0052C630|fn_0052C630|function|0x30
0x0052C660|fn_0052C660|function|0x10
0x0052C670|fn_0052C670|function|0x10
0x0052C680|fn_0052C680|function|0x10
0x0052C690|fn_0052C690|function|0x20
0x0052C6B0|fn_0052C6B0|function|0x10
0x0052C6C0|fn_0052C6C0|function|0x30
0x0052C6F0|fn_0052C6F0|function|0x40
0x0052C730|fn_0052C730|function|0xD0
0x0052C800|fn_0052C800|function|0x40
0x0052C840|fn_0052C840|function|0x40
0x0052C880|fn_0052C880|function|0x10
0x0052C890|fn_0052C890|function|0x30
0x0052C8C0|fn_0052C8C0|function|0x30
0x0052C8F0|fn_0052C8F0|function|0x40
0x0052C930|fn_0052C930|function|0x20
0x0052C950|fn_0052C950|function|0x10
0x0052C960|fn_0052C960|function|0x10
0x0052C970|fn_0052C970|function|0x30
0x0052C9A0|fn_0052C9A0|function|0xB0
0x0052CA50|fn_0052CA50|function|0x10
0x0052CA60|fn_0052CA60|function|0x110
0x0052CB70|fn_0052CB70|function|0x30
0x0052CBA0|fn_0052CBA0|function|0x30
0x0052CBD0|fn_0052CBD0|function|0x50
0x0052CC20|fn_0052CC20|function|0x40
0x0052CC60|fn_0052CC60|function|0x40
0x0052CCA0|fn_0052CCA0|function|0x40
0x0052CCE0|fn_0052CCE0|function|0x40
0x0052CD20|fn_0052CD20|function|0x30
0x0052CD50|fn_0052CD50|function|0x20
0x0052CD70|fn_0052CD70|function|0x20
0x0052CD90|fn_0052CD90|function|0x90
0x0052CE20|fn_0052CE20|function|0x70
0x0052CE90|fn_0052CE90|function|0x40
0x0052CED0|fn_0052CED0|function|0x40
0x0052CF10|fn_0052CF10|function|0x60
0x0052CF70|fn_0052CF70|function|0x110
0x0052D080|fn_0052D080|function|0x36A
0x0052D3EA|fn_0052D3EA|function|0x36
0x0052D420|fn_0052D420|function|0x60
0x0052D480|fn_0052D480|function|0x20
0x0052D4A0|fn_0052D4A0|function|0x50
0x0052D4F0|fn_0052D4F0|function|0x50
0x0052D540|fn_0052D540|function|0x20
0x0052D560|fn_0052D560|function|0x10
0x0052D570|fn_0052D570|function|0x30
0x0052D5A0|fn_0052D5A0|function|0x10
0x0052D5B0|fn_0052D5B0|function|0x10
0x0052D5C0|fn_0052D5C0|function|0x90
0x0052D650|fn_0052D650|function|0x190
0x0052D7E0|fn_0052D7E0|function|0xC0
0x0052D8A0|fn_0052D8A0|function|0x10
0x0052D8B0|fn_0052D8B0|function|0x40
0x0052D8F0|fn_0052D8F0|function|0x30
0x0052D920|fn_0052D920|function|0x80
0x0052D9A0|fn_0052D9A0|function|0x10
0x0052D9B0|fn_0052D9B0|function|0x90
0x0052DA40|fn_0052DA40|function|0x1F0
0x0052DC30|fn_0052DC30|function|0x90
0x0052DCC0|fn_0052DCC0|function|0x40
0x0052DD00|fn_0052DD00|function|0xE0
0x0052DDE0|fn_0052DDE0|function|0xD0
0x0052DEB0|fn_0052DEB0|function|0xE0
0x0052DF90|fn_0052DF90|function|0x20
0x0052DFB0|fn_0052DFB0|function|0x20
0x0052DFD0|fn_0052DFD0|function|0x140
0x0052E110|fn_0052E110|function|0x180
0x0052E290|fn_0052E290|function|0xF0
0x0052E380|fn_0052E380|function|0x680
0x0052EA00|fn_0052EA00|function|0x50
0x0052EA50|fn_0052EA50|function|0xD0
0x0052EB20|fn_0052EB20|function|0xC0
0x0052EBE0|fn_0052EBE0|function|0x120
0x0052ED00|fn_0052ED00|function|0x320
0x0052F020|fn_0052F020|function|0x10
0x0052F030|fn_0052F030|function|0x10
0x0052F040|fn_0052F040|function|0x10
0x0052F050|fn_0052F050|function|0x10
0x0052F060|fn_0052F060|function|0x20
0x0052F080|fn_0052F080|function|0x350
0x0052F3D0|fn_0052F3D0|function|0x30
0x0052F400|fn_0052F400|function|0x20
0x0052F420|fn_0052F420|function|0x20
0x0052F440|fn_0052F440|function|0x10
0x0052F450|fn_0052F450|function|0xE0
0x0052F530|fn_0052F530|function|0x10
0x0052F540|fn_0052F540|function|0x30
0x0052F570|fn_0052F570|function|0x20
0x0052F590|fn_0052F590|function|0x10
0x0052F5A0|fn_0052F5A0|function|0x10
0x0052F5B0|fn_0052F5B0|function|0x20
0x0052F5D0|fn_0052F5D0|function|0x20
0x0052F5F0|fn_0052F5F0|function|0x20
0x0052F610|fn_0052F610|function|0x20
0x0052F630|fn_0052F630|function|0x20
0x0052F650|fn_0052F650|function|0x20
0x0052F670|fn_0052F670|function|0x20
0x0052F690|fn_0052F690|function|0x20
0x0052F6B0|fn_0052F6B0|function|0x20
0x0052F6D0|fn_0052F6D0|function|0x20
0x0052F6F0|fn_0052F6F0|function|0x30
0x0052F720|fn_0052F720|function|0x40
0x0052F760|fn_0052F760|function|0x7D0
0x0052FF30|fn_0052FF30|function|0x3DD
0x0053030D|fn_0053030D|function|0x23
0x00530330|fn_00530330|function|0x5B0
0x005308E0|fn_005308E0|function|0x30
0x00530910|fn_00530910|function|0x10
0x00530920|fn_00530920|function|0x50
0x00530970|fn_00530970|function|0x50
0x005309C0|fn_005309C0|function|0x20
0x005309E0|fn_005309E0|function|0x90
0x00530A70|fn_00530A70|function|0x50
0x00530AC0|fn_00530AC0|function|0x30
0x00530AF0|fn_00530AF0|function|0x20
0x00530B10|fn_00530B10|function|0x20
0x00530B30|fn_00530B30|function|0x20
0x00530B50|fn_00530B50|function|0x30
0x00530B80|fn_00530B80|function|0x10
0x00530B90|fn_00530B90|function|0x60
0x00530BF0|fn_00530BF0|function|0x10
0x00530C00|fn_00530C00|function|0x10
0x00530C10|fn_00530C10|function|0x10
0x00530C20|fn_00530C20|function|0x20
0x00530C40|fn_00530C40|function|0x60
0x00530CA0|fn_00530CA0|function|0x10
0x00530CB0|fn_00530CB0|function|0x60
0x00530D10|fn_00530D10|function|0x130
0x00530E40|fn_00530E40|function|0xA0
0x00530EE0|fn_00530EE0|function|0x10
0x00530EF0|fn_00530EF0|function|0x100
0x00530FF0|fn_00530FF0|function|0x290
0x00531280|fn_00531280|function|0x40
0x005312C0|fn_005312C0|function|0x7C0
0x00531A80|fn_00531A80|function|0xA
0x00531A8A|fn_00531A8A|function|0x1E
0x00531AA8|fn_00531AA8|function|0x1A8
0x00531C50|fn_00531C50|function|0x10
0x00531C60|fn_00531C60|function|0x10
0x00531C70|fn_00531C70|function|0x10
0x00531C80|fn_00531C80|function|0x10
0x00531C90|fn_00531C90|function|0x10
0x00531CA0|fn_00531CA0|function|0x10
0x00531CB0|vfs_error|function|0x90
0x00531D40|fn_00531D40|function|0x20
0x00531D60|fn_00531D60|function|0x20
0x00531D80|fn_00531D80|function|0x20
0x00531DA0|fn_00531DA0|function|0x20
0x00531DC0|fn_00531DC0|function|0x20
0x00531DE0|fn_00531DE0|function|0x30
0x00531E10|fn_00531E10|function|0x140
0x00531F50|fn_00531F50|function|0x370
0x005322C0|fn_005322C0|function|0xA0
0x00532360|fn_00532360|function|0x20
0x00532380|fn_00532380|function|0x10
0x00532390|fn_00532390|function|0x40
0x005323D0|fn_005323D0|function|0x50
0x00532420|fn_00532420|function|0x40
0x00532460|fn_00532460|function|0x20
0x00532480|fn_00532480|function|0x10
0x00532490|fn_00532490|function|0x50
0x005324E0|fn_005324E0|function|0x30
0x00532510|fn_00532510|function|0x330
0x00532840|fn_00532840|function|0x90
0x005328D0|packfile_timer|function|0xE1
0x005329B1|fn_005329B1|function|0x10
0x005329C1|fn_005329C1|function|0x2F
0x005329F0|fn_005329F0|function|0x30
0x00532A20|fn_00532A20|function|0x290
0x00532CB0|fn_00532CB0|function|0x180
0x00532E30|fn_00532E30|function|0x50
0x00532E80|fn_00532E80|function|0x20
0x00532EA0|fn_00532EA0|function|0xA0
0x00532F40|fn_00532F40|function|0x6E0
0x00533620|fn_00533620|function|0x180
0x005337A0|fn_005337A0|function|0x210
0x005339B0|fn_005339B0|function|0xF0
0x00533AA0|fn_00533AA0|function|0x140
0x00533BE0|fn_00533BE0|function|0x40
0x00533C20|fn_00533C20|function|0x40
0x00533C60|fn_00533C60|function|0x40
0x00533CA0|fn_00533CA0|function|0xF0
0x00533D90|fn_00533D90|function|0x20
0x00533DB0|fn_00533DB0|function|0x10
0x00533DC0|fn_00533DC0|function|0x10
0x00533DD0|fn_00533DD0|function|0x20
0x00533DF0|packfile_init|function|0x100
0x00533EF0|packfile_shutdown|function|0x20
0x00533F10|hash_insert|function|0x50
0x00533F60|check_header|function|0x30
0x00533F90|read_entries|function|0x100
0x00534090|filename_hash|function|0x40
0x005340D0|assign_sectors|function|0x40
0x00534110|reserve_entries|function|0x90
0x005341A0|load_root_cd|function|0x140
0x005342E0|load_root_hd|function|0x140
0x00534420|packfile_add|function|0x180
0x005345A0|packfile_find|function|0x50
0x005345F0|packfile_find_file|function|0xA0
0x00534690|packfile_open|function|0x150
0x005347E0|packfile_close_file|function|0x50
0x00534830|packfile_seek|function|0x70
0x005348A0|packfile_read|function|0x50
0x005348F0|packfile_read_ok|function|0x10
0x00534900|packfile_read_archive|function|0xA0
0x005349A0|packfile_lookup|function|0x80
0x00534A20|fn_00534A20|function|0x20
0x00534A40|fn_00534A40|function|0x203
0x00534C43|fn_00534C43|function|0x3FE
0x00535041|fn_00535041|function|0x301
0x00535342|fn_00535342|function|0x70
0x005353B2|fn_005353B2|function|0x6E
0x00535420|fn_00535420|function|0x30
0x00535450|fn_00535450|function|0x30
0x00535480|fn_00535480|function|0x90
0x00535510|fn_00535510|function|0x10
0x00535520|fn_00535520|function|0x30
0x00535550|fn_00535550|function|0x180
0x005356D0|fn_005356D0|function|0x610
0x00535CE0|fn_00535CE0|function|0x30
0x00535D10|fn_00535D10|function|0x10
0x00535D20|fn_00535D20|function|0x80
0x00535DA0|fn_00535DA0|function|0x110
0x00535EB0|fn_00535EB0|function|0x120
0x00535FD0|fn_00535FD0|function|0x1D0
0x005361A0|fn_005361A0|function|0x1C0
0x00536360|fn_00536360|function|0x430
0x00536790|fn_00536790|function|0x110
0x005368A0|fn_005368A0|function|0x10
0x005368B0|fn_005368B0|function|0x10
0x005368C0|fn_005368C0|function|0x10
0x005368D0|fn_005368D0|function|0x10
0x005368E0|fn_005368E0|function|0x10
0x005368F0|fn_005368F0|function|0x10
0x00536900|fn_00536900|function|0x10
0x00536910|fn_00536910|function|0x10
0x00536920|fn_00536920|function|0x10
0x00536930|fn_00536930|function|0x10
0x00536940|fn_00536940|function|0x10
0x00536950|fn_00536950|function|0x30
0x00536980|fn_00536980|function|0x20
0x005369A0|fn_005369A0|function|0x20
0x005369C0|fn_005369C0|function|0x30
0x005369F0|fn_005369F0|function|0x80
0x00536A70|fn_00536A70|function|0x150
0x00536BC0|fn_00536BC0|function|0x290
0x00536E50|fn_00536E50|function|0x80
0x00536ED0|fn_00536ED0|function|0xE0
0x00536FB0|fn_00536FB0|function|0x280
0x00537230|fn_00537230|function|0x40
0x00537270|fn_00537270|function|0x10
0x00537280|fn_00537280|function|0x20
0x005372A0|fn_005372A0|function|0x100
0x005373A0|fn_005373A0|function|0xD0
0x00537470|fn_00537470|function|0x20
0x00537490|fn_00537490|function|0xCC
0x0053755C|fn_0053755C|function|0x24
0x00537580|fn_00537580|function|0x160
0x005376E0|fn_005376E0|function|0x20
0x00537700|fn_00537700|function|0xE4
0x005377E4|fn_005377E4|function|0x1C
0x00537800|fn_00537800|function|0x40
0x00537840|fn_00537840|function|0x1B0
0x005379F0|fn_005379F0|function|0x520
0x00537F10|fn_00537F10|function|0x60
0x00537F70|fn_00537F70|function|0x2F0
0x00538260|fn_00538260|function|0xE0
0x00538340|fn_00538340|function|0x50
0x00538390|fn_00538390|function|0x50
0x005383E0|fn_005383E0|function|0x50
0x00538430|fn_00538430|function|0xE0
0x00538510|fn_00538510|function|0x60
0x00538570|fn_00538570|function|0x20
0x00538590|fn_00538590|function|0x10
0x005385A0|fn_005385A0|function|0x10
0x005385B0|fn_005385B0|function|0x20
0x005385D0|fn_005385D0|function|0x80
0x00538650|fn_00538650|function|0x10
0x00538660|fn_00538660|function|0x20
0x00538680|fn_00538680|function|0x20
0x005386A0|fn_005386A0|function|0x10
0x005386B0|fn_005386B0|function|0x20
0x005386D0|fn_005386D0|function|0x20
0x005386F0|fn_005386F0|function|0x10
0x00538700|fn_00538700|function|0x20
0x00538720|fn_00538720|function|0x20
0x00538740|fn_00538740|function|0x20
0x00538760|fn_00538760|function|0xF0
0x00538850|fn_00538850|function|0xD0
0x00538920|fn_00538920|function|0x150
0x00538A70|fn_00538A70|function|0x100
0x00538B70|fn_00538B70|function|0x100
0x00538C70|fn_00538C70|function|0x43A
0x005390AA|fn_005390AA|function|0x436
0x005394E0|fn_005394E0|function|0xB0
0x00539590|fn_00539590|function|0x30
0x005395C0|fn_005395C0|function|0xBB0
0x0053A170|fn_0053A170|function|0x1F0
0x0053A360|fn_0053A360|function|0x10
0x0053A370|fn_0053A370|function|0x150
0x0053A4C0|fn_0053A4C0|function|0x30
0x0053A4F0|fn_0053A4F0|function|0x100
0x0053A5F0|fn_0053A5F0|function|0x20
0x0053A610|fn_0053A610|function|0x30
0x0053A640|fn_0053A640|function|0x10
0x0053A650|fn_0053A650|function|0x1A0
0x0053A7F0|fn_0053A7F0|function|0xD0
0x0053A8C0|fn_0053A8C0|function|0x210
0x0053AAD0|fn_0053AAD0|function|0x20
0x0053AAF0|fn_0053AAF0|function|0x10
0x0053AB00|fn_0053AB00|function|0x20
0x0053AB20|fn_0053AB20|function|0x60
0x0053AB80|fn_0053AB80|function|0x30
0x0053ABB0|fn_0053ABB0|function|0x50
0x0053AC00|fn_0053AC00|function|0x20
0x0053AC20|fn_0053AC20|function|0x110
0x0053AD30|fn_0053AD30|function|0x9C0
0x0053B6F0|fn_0053B6F0|function|0x200
0x0053B8F0|fn_0053B8F0|function|0x40
0x0053B930|fn_0053B930|function|0x190
0x0053BAC0|fn_0053BAC0|function|0x90
0x0053BB50|fn_0053BB50|function|0x3F0
0x0053BF40|fn_0053BF40|function|0x20
0x0053BF60|fn_0053BF60|function|0x250
0x0053C1B0|fn_0053C1B0|function|0xC80
0x0053CE30|fn_0053CE30|function|0xA0
0x0053CED0|fn_0053CED0|function|0x230
0x0053D100|fn_0053D100|function|0x1A0
0x0053D2A0|fn_0053D2A0|function|0x30
0x0053D2D0|fn_0053D2D0|function|0x200
0x0053D4D0|fn_0053D4D0|function|0x250
0x0053D720|fn_0053D720|function|0x80
0x0053D7A0|fn_0053D7A0|function|0x150
0x0053D8F0|fn_0053D8F0|function|0x190
0x0053DA80|fn_0053DA80|function|0x130
0x0053DBB0|fn_0053DBB0|function|0x250
0x0053DE00|fn_0053DE00|function|0x40
0x0053DE40|fn_0053DE40|function|0x40
0x0053DE80|fn_0053DE80|function|0x40
0x0053DEC0|fn_0053DEC0|function|0x10
0x0053DED0|fn_0053DED0|function|0x20
0x0053DEF0|fn_0053DEF0|function|0x20
0x0053DF10|fn_0053DF10|function|0xC0
0x0053DFD0|fn_0053DFD0|function|0x60
0x0053E030|fn_0053E030|function|0x30
0x0053E060|fn_0053E060|function|0x180
0x0053E1E0|fn_0053E1E0|function|0x70
0x0053E250|fn_0053E250|function|0xC0
0x0053E310|fn_0053E310|function|0xB0
0x0053E3C0|fn_0053E3C0|function|0x20
0x0053E3E0|fn_0053E3E0|function|0x70
0x0053E450|fn_0053E450|function|0x50
0x0053E4A0|fn_0053E4A0|function|0x10
0x0053E4B0|fn_0053E4B0|function|0x10
0x0053E4C0|fn_0053E4C0|function|0x60
0x0053E520|fn_0053E520|function|0xF0
0x0053E610|fn_0053E610|function|0x60
0x0053E670|fn_0053E670|function|0x30
0x0053E6A0|fn_0053E6A0|function|0xC0
0x0053E760|fn_0053E760|function|0x10
0x0053E770|fn_0053E770|function|0x160
0x0053E8D0|fn_0053E8D0|function|0x100
0x0053E9D0|fn_0053E9D0|function|0x110
0x0053EAE0|fn_0053EAE0|function|0x2F0
0x0053EDD0|fn_0053EDD0|function|0x290
0x0053F060|fn_0053F060|function|0x350
0x0053F3B0|fn_0053F3B0|function|0x60
0x0053F410|fn_0053F410|function|0x60
0x0053F470|fn_0053F470|function|0x2B0
0x0053F720|fn_0053F720|function|0x3D0
0x0053FAF0|fn_0053FAF0|function|0x500
0x0053FFF0|fn_0053FFF0|function|0x53
0x00540043|fn_00540043|function|0x5D
0x005400A0|fn_005400A0|function|0x6F0
0x00540790|fn_00540790|function|0x80
0x00540810|fn_00540810|function|0x10
0x00540820|fn_00540820|function|0x20
0x00540840|fn_00540840|function|0x30
0x00540870|fn_00540870|function|0x10
0x00540880|fn_00540880|function|0x30
0x005408B0|fn_005408B0|function|0x10
0x005408C0|fn_005408C0|function|0x10
0x005408D0|fn_005408D0|function|0x80
0x00540950|fn_00540950|function|0x10
0x00540960|fn_00540960|function|0x10
0x00540970|fn_00540970|function|0x210
0x00540B80|fn_00540B80|function|0x50
0x00540BD0|fn_00540BD0|function|0x40
0x00540C10|fn_00540C10|function|0x20
0x00540C30|fn_00540C30|function|0x50
0x00540C80|fn_00540C80|function|0x70
0x00540CF0|fn_00540CF0|function|0x100
0x00540DF0|fn_00540DF0|function|0xE0
0x00540ED0|fn_00540ED0|function|0xA0
0x00540F70|fn_00540F70|function|0xB0
0x00541020|fn_00541020|function|0x140
0x00541160|fn_00541160|function|0xE0
0x00541240|fn_00541240|function|0x30
0x00541270|fn_00541270|function|0x20
0x00541290|fn_00541290|function|0x70
0x00541300|fn_00541300|function|0x30
0x00541330|fn_00541330|function|0x30
0x00541360|fn_00541360|function|0xA0
0x00541400|fn_00541400|function|0x50
0x00541450|fn_00541450|function|0xB0
0x00541500|fn_00541500|function|0x200
0x00541700|fn_00541700|function|0x40
0x00541740|fn_00541740|function|0x20
0x00541760|fn_00541760|function|0x30
0x00541790|fn_00541790|function|0x160
0x005418F0|fn_005418F0|function|0x70
0x00541960|fn_00541960|function|0x20
0x00541980|fn_00541980|function|0x20
0x005419A0|fn_005419A0|function|0x330
0x00541CD0|fn_00541CD0|function|0x6
0x00541CD6|fn_00541CD6|function|0x19F
0x00541E75|fn_00541E75|function|0x6
0x00541E7B|fn_00541E7B|function|0x45
0x00541EC0|fn_00541EC0|function|0x50
0x00541F10|fn_00541F10|function|0xA0
0x00541FB0|fn_00541FB0|function|0x15F
0x0054210F|fn_0054210F|function|0x6
0x00542115|fn_00542115|function|0x1B
0x00542130|fn_00542130|function|0xA0
0x005421D0|fn_005421D0|function|0x120
0x005422F0|fn_005422F0|function|0x1F0
0x005424E0|fn_005424E0|function|0x20
0x00542500|fn_00542500|function|0x1E0
0x005426E0|fn_005426E0|function|0x20
0x00542700|fn_00542700|function|0x70
0x00542770|fn_00542770|function|0x20
0x00542790|fn_00542790|function|0x70
0x00542800|fn_00542800|function|0x4D0
0x00542CD0|fn_00542CD0|function|0x50
0x00542D20|fn_00542D20|function|0x20
0x00542D40|fn_00542D40|function|0x60
0x00542DA0|fn_00542DA0|function|0x70
0x00542E10|fn_00542E10|function|0x10
0x00542E20|fn_00542E20|function|0x20
0x00542E40|fn_00542E40|function|0x20
0x00542E60|fn_00542E60|function|0x20
0x00542E80|fn_00542E80|function|0x20
0x00542EA0|fn_00542EA0|function|0x30
0x00542ED0|fn_00542ED0|function|0x40
0x00542F10|fn_00542F10|function|0x60
0x00542F70|fn_00542F70|function|0x70
0x00542FE0|fn_00542FE0|function|0x10
0x00542FF0|fn_00542FF0|function|0x10
0x00543000|fn_00543000|function|0x10
0x00543010|fn_00543010|function|0x20
0x00543030|fn_00543030|function|0x10
0x00543040|fn_00543040|function|0x70
0x005430B0|fn_005430B0|function|0x30
0x005430E0|fn_005430E0|function|0x2F0
0x005433D0|fn_005433D0|function|0x60
0x00543430|fn_00543430|function|0x480
0x005438B0|fn_005438B0|function|0x70
0x00543920|fn_00543920|function|0x160
0x00543A80|fn_00543A80|function|0x130
0x00543BB0|fn_00543BB0|function|0x20
0x00543BD0|fn_00543BD0|function|0x30
0x00543C00|fn_00543C00|function|0x20
0x00543C20|fn_00543C20|function|0x50
0x00543C70|fn_00543C70|function|0x60
0x00543CD0|fn_00543CD0|function|0x30
0x00543D00|fn_00543D00|function|0x10
0x00543D10|fn_00543D10|function|0x10
0x00543D20|fn_00543D20|function|0x30
0x00543D50|fn_00543D50|function|0xC0
0x00543E10|fn_00543E10|function|0x1B0
0x00543FC0|fn_00543FC0|function|0x50
0x00544010|fn_00544010|function|0x80
0x00544090|fn_00544090|function|0x980
0x00544A10|fn_00544A10|function|0x40
0x00544A50|fn_00544A50|function|0x40
0x00544A90|fn_00544A90|function|0x40
0x00544AD0|fn_00544AD0|function|0x50
0x00544B20|fn_00544B20|function|0x10
0x00544B30|fn_00544B30|function|0x10
0x00544B40|fn_00544B40|function|0x40
0x00544B80|fn_00544B80|function|0x20
0x00544BA0|packfile_pool_init|function|0x30
0x00544BD0|fn_00544BD0|function|0x10
0x00544BE0|packfile_pool_shutdown|function|0x30
0x00544C10|fn_00544C10|function|0x10
0x00544C20|fn_00544C20|function|0x20
0x00544C40|string_pool_copy|function|0x90
0x00544CD0|string_pool_keep|function|0x70
0x00544D40|fn_00544D40|function|0x40
0x00544D80|fn_00544D80|function|0x40
0x00544DC0|fn_00544DC0|function|0x20
0x00544DE0|fn_00544DE0|function|0x20
0x00544E00|fn_00544E00|function|0x20
0x00544E20|fn_00544E20|function|0x10
0x00544E30|fn_00544E30|function|0x15
0x00544E45|fn_00544E45|function|0xB
0x00544E50|fn_00544E50|function|0x50
0x00544EA0|fn_00544EA0|function|0x40
0x00544EE0|fn_00544EE0|function|0x50
0x00544F30|fn_00544F30|function|0x50
0x00544F80|fn_00544F80|function|0x80
0x00545000|fn_00545000|function|0x40
0x00545040|fn_00545040|function|0x3
0x00545043|fn_00545043|function|0x3D
0x00545080|fn_00545080|function|0x40
0x005450C0|fn_005450C0|function|0x30
0x005450F0|fn_005450F0|function|0x30
0x00545120|fn_00545120|function|0x30
0x00545150|fn_00545150|function|0x110
0x00545260|fn_00545260|function|0x20
0x00545280|fn_00545280|function|0x20
0x005452A0|fn_005452A0|function|0x20
0x005452C0|fn_005452C0|function|0x50
0x00545310|fn_00545310|function|0x30
0x00545340|fn_00545340|function|0x210
0x00545550|fn_00545550|function|0x20
0x00545570|fn_00545570|function|0x30
0x005455A0|fn_005455A0|function|0x70
0x00545610|fn_00545610|function|0x150
0x00545760|fn_00545760|function|0x50
0x005457B0|fn_005457B0|function|0xC0
0x00545870|fn_00545870|function|0x100
0x00545970|fn_00545970|function|0x60
0x005459D0|fn_005459D0|function|0xF0
0x00545AC0|fn_00545AC0|function|0x2B0
0x00545D70|fn_00545D70|function|0x2DA
0x0054604A|fn_0054604A|function|0x26
0x00546070|fn_00546070|function|0x10
0x00546080|fn_00546080|function|0x10
0x00546090|fn_00546090|function|0x90
0x00546120|fn_00546120|function|0x10
0x00546130|fn_00546130|function|0x20
0x00546150|fn_00546150|function|0x30
0x00546180|fn_00546180|function|0x70
0x005461F0|fn_005461F0|function|0x40
0x00546230|fn_00546230|function|0x20
0x00546250|fn_00546250|function|0x60
0x005462B0|fn_005462B0|function|0x70
0x00546320|fn_00546320|function|0x110
0x00546430|fn_00546430|function|0x10
0x00546440|fn_00546440|function|0xC0
0x00546500|fn_00546500|function|0x80
0x00546580|fn_00546580|function|0x80
0x00546600|fn_00546600|function|0x50
0x00546650|fn_00546650|function|0xA0
0x005466F0|fn_005466F0|function|0xD0
0x005467C0|fn_005467C0|function|0x80
0x00546840|fn_00546840|function|0x80
0x005468C0|fn_005468C0|function|0x260
0x00546B20|fn_00546B20|function|0x60
0x00546B80|fn_00546B80|function|0x40
0x00546BC0|fn_00546BC0|function|0x60
0x00546C20|fn_00546C20|function|0x30
0x00546C50|fn_00546C50|function|0x70
0x00546CC0|fn_00546CC0|function|0x40
0x00546D00|fn_00546D00|function|0x80
0x00546D80|fn_00546D80|function|0x180
0x00546F00|fn_00546F00|function|0x30
0x00546F30|fn_00546F30|function|0x40
0x00546F70|fn_00546F70|function|0x170
0x005470E0|fn_005470E0|function|0x2B0
0x00547390|fn_00547390|function|0x20
0x005473B0|fn_005473B0|function|0x5E0
0x00547990|fn_00547990|function|0x30
0x005479C0|fn_005479C0|function|0xD0
0x00547A90|fn_00547A90|function|0xD0
0x00547B60|fn_00547B60|function|0x40
0x00547BA0|fn_00547BA0|function|0x50
0x00547BF0|fn_00547BF0|function|0x10
0x00547C00|fn_00547C00|function|0xC0
0x00547CC0|fn_00547CC0|function|0x5BD
0x0054827D|fn_0054827D|function|0x273
0x005484F0|fn_005484F0|function|0xCA0
0x00549190|fn_00549190|function|0x160
0x005492F0|fn_005492F0|function|0x1F0
0x005494E0|fn_005494E0|function|0x20
0x00549500|fn_00549500|function|0x60
0x00549560|fn_00549560|function|0x164
0x005496C4|fn_005496C4|function|0x1C
0x005496E0|fn_005496E0|function|0x50
0x00549730|fn_00549730|function|0x50
0x00549780|fn_00549780|function|0x20
0x005497A0|fn_005497A0|function|0xA0
0x00549840|fn_00549840|function|0x40
0x00549880|fn_00549880|function|0x80
0x00549900|fn_00549900|function|0x10
0x00549910|fn_00549910|function|0x40
0x00549950|fn_00549950|function|0x80
0x005499D0|fn_005499D0|function|0x40
0x00549A10|fn_00549A10|function|0x10
0x00549A20|fn_00549A20|function|0x130
0x00549B50|fn_00549B50|function|0x100
0x00549C50|fn_00549C50|function|0x30
0x00549C80|fn_00549C80|function|0x40
0x00549CC0|fn_00549CC0|function|0x30
0x00549CF0|fn_00549CF0|function|0x20
0x00549D10|fn_00549D10|function|0x240
0x00549F50|fn_00549F50|function|0x160
0x0054A0B0|fn_0054A0B0|function|0x20
0x0054A0D0|fn_0054A0D0|function|0x10
0x0054A0E0|fn_0054A0E0|function|0x20
0x0054A100|fn_0054A100|function|0x3BC
0x0054A4BC|fn_0054A4BC|function|0x84
0x0054A540|fn_0054A540|function|0x70
0x0054A5B0|fn_0054A5B0|function|0x1D0
0x0054A780|fn_0054A780|function|0x30
0x0054A7B0|fn_0054A7B0|function|0x10
0x0054A7C0|fn_0054A7C0|function|0x40
0x0054A800|fn_0054A800|function|0x710
0x0054AF10|fn_0054AF10|function|0x200
0x0054B110|fn_0054B110|function|0x130
0x0054B240|fn_0054B240|function|0x160
0x0054B3A0|fn_0054B3A0|function|0x560
0x0054B900|fn_0054B900|function|0x30
0x0054B930|fn_0054B930|function|0x30
0x0054B960|fn_0054B960|function|0x20
0x0054B980|fn_0054B980|function|0x30
0x0054B9B0|fn_0054B9B0|function|0xE0
0x0054BA90|fn_0054BA90|function|0x10
0x0054BAA0|fn_0054BAA0|function|0x20
0x0054BAC0|fn_0054BAC0|function|0x10
0x0054BAD0|fn_0054BAD0|function|0x60
0x0054BB30|fn_0054BB30|function|0x30
0x0054BB60|fn_0054BB60|function|0x50
0x0054BBB0|fn_0054BBB0|function|0x40
0x0054BBF0|fn_0054BBF0|function|0x70
0x0054BC60|fn_0054BC60|function|0x30
0x0054BC90|fn_0054BC90|function|0x10
0x0054BCA0|fn_0054BCA0|function|0x400
0x0054C0A0|fn_0054C0A0|function|0xF40
0x0054CFE0|fn_0054CFE0|function|0x20
0x0054D000|fn_0054D000|function|0x50
0x0054D050|fn_0054D050|function|0xD0
0x0054D120|fn_0054D120|function|0x210
0x0054D330|fn_0054D330|function|0xC0
0x0054D3F0|fn_0054D3F0|function|0x40
0x0054D430|fn_0054D430|function|0x40
0x0054D470|fn_0054D470|function|0x20
0x0054D490|fn_0054D490|function|0x20
0x0054D4B0|fn_0054D4B0|function|0x10
0x0054D4C0|fn_0054D4C0|function|0x30
0x0054D4F0|fn_0054D4F0|function|0x40
0x0054D530|fn_0054D530|function|0x70
0x0054D5A0|fn_0054D5A0|function|0x20
0x0054D5C0|fn_0054D5C0|function|0x70
0x0054D630|fn_0054D630|function|0xAB0
0x0054E0E0|fn_0054E0E0|function|0x560
0x0054E640|fn_0054E640|function|0x50
0x0054E690|fn_0054E690|function|0xB0
0x0054E740|fn_0054E740|function|0x60
0x0054E7A0|fn_0054E7A0|function|0x60
0x0054E800|fn_0054E800|function|0x40
0x0054E840|fn_0054E840|function|0x4F8
0x0054ED38|fn_0054ED38|function|0x58
0x0054ED90|fn_0054ED90|function|0x140
0x0054EED0|fn_0054EED0|function|0x50
0x0054EF20|fn_0054EF20|function|0x70
0x0054EF90|fn_0054EF90|function|0x20
0x0054EFB0|fn_0054EFB0|function|0x20
0x0054EFD0|fn_0054EFD0|function|0x10
0x0054EFE0|fn_0054EFE0|function|0x2F0
0x0054F2D0|fn_0054F2D0|function|0x50
0x0054F320|fn_0054F320|function|0x30
0x0054F350|fn_0054F350|function|0x20
0x0054F370|fn_0054F370|function|0x80
0x0054F3F0|fn_0054F3F0|function|0x20
0x0054F410|fn_0054F410|function|0x270
0x0054F680|fn_0054F680|function|0x70
0x0054F6F0|fn_0054F6F0|function|0xA0
0x0054F790|fn_0054F790|function|0x30
0x0054F7C0|fn_0054F7C0|function|0x1E0
0x0054F9A0|fn_0054F9A0|function|0x90
0x0054FA30|fn_0054FA30|function|0x3E0
0x0054FE10|fn_0054FE10|function|0x10
0x0054FE20|fn_0054FE20|function|0x20
0x0054FE40|fn_0054FE40|function|0xC0
0x0054FF00|fn_0054FF00|function|0xA0
0x0054FFA0|fn_0054FFA0|function|0xE0
0x00550080|fn_00550080|function|0x240
0x005502C0|fn_005502C0|function|0xF0
0x005503B0|fn_005503B0|function|0x10
0x005503C0|fn_005503C0|function|0x130
0x005504F0|_glFinish|function|0x6
0x005504F6|fn_005504F6|function|0x13A
0x00550630|fn_00550630|function|0x10
0x00550640|fn_00550640|function|0x20
0x00550660|fn_00550660|function|0x80
0x005506E0|fn_005506E0|function|0x630
0x00550D10|fn_00550D10|function|0x80
0x00550D90|fn_00550D90|function|0x1B0
0x00550F40|fn_00550F40|function|0x20
0x00550F60|fn_00550F60|function|0x30
0x00550F90|fn_00550F90|function|0x100
0x00551090|fn_00551090|function|0x100
0x00551190|fn_00551190|function|0x1C0
0x00551350|fn_00551350|function|0xE0
0x00551430|fn_00551430|function|0xF0
0x00551520|fn_00551520|function|0xF0
0x00551610|fn_00551610|function|0xF0
0x00551700|fn_00551700|function|0x70
0x00551770|fn_00551770|function|0x20
0x00551790|fn_00551790|function|0x20
0x005517B0|fn_005517B0|function|0x20
0x005517D0|fn_005517D0|function|0x10
0x005517E0|fn_005517E0|function|0x10
0x005517F0|fn_005517F0|function|0x10
0x00551800|fn_00551800|function|0x20
0x00551820|fn_00551820|function|0x20
0x00551840|fn_00551840|function|0x20
0x00551860|fn_00551860|function|0x20
0x00551880|fn_00551880|function|0x10
0x00551890|fn_00551890|function|0x10
0x005518A0|fn_005518A0|function|0x20
0x005518C0|fn_005518C0|function|0x20
0x005518E0|fn_005518E0|function|0x20
0x00551900|fn_00551900|function|0x10
0x00551910|fn_00551910|function|0x10
0x00551920|fn_00551920|function|0x20
0x00551940|fn_00551940|function|0x20
0x00551960|fn_00551960|function|0x60
0x005519C0|fn_005519C0|function|0x30
0x005519F0|fn_005519F0|function|0x2B0
0x00551CA0|fn_00551CA0|function|0x160
0x00551E00|fn_00551E00|function|0x50
0x00551E50|fn_00551E50|function|0x40
0x00551E90|fn_00551E90|function|0x100
0x00551F90|fn_00551F90|function|0x80
0x00552010|fn_00552010|function|0xC0
0x005520D0|crc32_build|function|0x50
0x00552120|fn_00552120|function|0x10
0x00552130|crc32_update|function|0x60
0x00552190|fn_00552190|function|0x10
0x005521A0|fn_005521A0|function|0xA5
0x00552245|fn_00552245|function|0x3B
0x00552280|fn_00552280|function|0x90
0x00552310|fn_00552310|function|0x2A8
0x005525B8|fn_005525B8|function|0xE8
0x005526A0|fn_005526A0|function|0x10
0x005526B0|fn_005526B0|function|0x50
0x00552700|fn_00552700|function|0xB0
0x005527B0|fn_005527B0|function|0xC0
0x00552870|fn_00552870|function|0x338
0x00552BA8|fn_00552BA8|function|0x488
0x00553030|fn_00553030|function|0x70
0x005530A0|fn_005530A0|function|0x10
0x005530B0|fn_005530B0|function|0x410
0x005534C0|fn_005534C0|function|0x30
0x005534F0|fn_005534F0|function|0x40
0x00553530|fn_00553530|function|0x30
0x00553560|fn_00553560|function|0x30
0x00553590|fn_00553590|function|0x60
0x005535F0|fn_005535F0|function|0x1B0
0x005537A0|fn_005537A0|function|0x60
0x00553800|fn_00553800|function|0x3A0
0x00553BA0|fn_00553BA0|function|0x130
0x00553CD0|fn_00553CD0|function|0x10
0x00553CE0|fn_00553CE0|function|0x20
0x00553D00|fn_00553D00|function|0x100
0x00553E00|fn_00553E00|function|0xC0
0x00553EC0|fn_00553EC0|function|0x20
0x00553EE0|fn_00553EE0|function|0x10
0x00553EF0|fn_00553EF0|function|0x10
0x00553F00|fn_00553F00|function|0x7E0
0x005546E0|fn_005546E0|function|0x30
0x00554710|fn_00554710|function|0x190
0x005548A0|fn_005548A0|function|0x120
0x005549C0|fn_005549C0|function|0x4E0
0x00554EA0|fn_00554EA0|function|0x180
0x00555020|fn_00555020|function|0xB0
0x005550D0|fn_005550D0|function|0x40
0x00555110|fn_00555110|function|0xBE0
0x00555CF0|fn_00555CF0|function|0x270
0x00555F60|fn_00555F60|function|0x340
0x005562A0|fn_005562A0|function|0x300
0x005565A0|fn_005565A0|function|0x40
0x005565E0|fn_005565E0|function|0x100
0x005566E0|vfs_text_set|function|0x80
0x00556760|vfs_text_set_char|function|0x30
0x00556790|vfs_text_resize|function|0x40
0x005567D0|vfs_text_clear|function|0x20
0x005567F0|vfs_text_ctor|function|0x20
0x00556810|vfs_text_ctor_str|function|0x20
0x00556830|vfs_text_ctor_char|function|0x20
0x00556850|vfs_text_ctor_copy|function|0x30
0x00556880|vfs_text_ctor_len|function|0x30
0x005568B0|vfs_text_dtor|function|0x10
0x005568C0|vfs_text_cstr|function|0x10
0x005568D0|vfs_text_size|function|0x20
0x005568F0|vfs_text_empty|function|0x20
0x00556910|vfs_text_blank|function|0x40
0x00556950|vfs_text_lower|function|0x40
0x00556990|vfs_text_upper|function|0x40
0x005569D0|vfs_text_slice|function|0xB0
0x00556A80|vfs_text_left|function|0xC0
0x00556B40|vfs_text_right|function|0xC0
0x00556C00|vfs_text_mid|function|0xB0
0x00556CB0|vfs_text_find|function|0xA0
0x00556D50|vfs_text_trim_left|function|0x60
0x00556DB0|vfs_text_trim_right|function|0x40
0x00556DF0|vfs_text_float|function|0x20
0x00556E10|vfs_text_trim|function|0x20
0x00556E30|vfs_text_is_empty|function|0x10
0x00556E40|vfs_text_assign_text|function|0x60
0x00556EA0|vfs_text_assign|function|0x90
0x00556F30|vfs_text_assign_char|function|0x40
0x00556F70|vfs_text_concat|function|0x100
0x00557070|vfs_text_concat_cstr|function|0x110
0x00557180|vfs_text_concat_cstr_left|function|0x110
0x00557290|vfs_text_concat_char|function|0xD0
0x00557360|vfs_text_concat_char_left|function|0xC0
0x00557420|vfs_text_append|function|0x70
0x00557490|vfs_text_append_cstr|function|0x70
0x00557500|vfs_text_append_char|function|0x70
0x00557570|vfs_text_eq|function|0x40
0x005575B0|vfs_text_eq_cstr|function|0x40
0x005575F0|vfs_text_eq_rcstr|function|0x40
0x00557630|vfs_text_ne|function|0x40
0x00557670|vfs_text_ne_cstr|function|0x40
0x005576B0|vfs_text_ne_rcstr|function|0x40
0x005576F0|vfs_text_lt|function|0x50
0x00557740|vfs_text_lt_cstr|function|0x50
0x00557790|vfs_text_lt_rcstr|function|0x50
0x005577E0|vfs_text_gt|function|0x50
0x00557830|vfs_text_gt_cstr|function|0x50
0x00557880|vfs_text_gt_rcstr|function|0x50
0x005578D0|vfs_text_le|function|0x50
0x00557920|vfs_text_le_cstr|function|0x50
0x00557970|vfs_text_le_rcstr|function|0x50
0x005579C0|vfs_text_ge|function|0x50
0x00557A10|vfs_text_ge_cstr|function|0x50
0x00557A60|vfs_text_ge_rcstr|function|0x50
0x00557AB0|vfs_text_at|function|0x30
0x00557AE0|vfs_text_from_int|function|0x90
0x00557B70|vfs_text_from_hex|function|0x90
0x00557C00|vfs_text_from_float|function|0x90
0x00557C90|fn_00557C90|function|0x4F0
0x00558180|fn_00558180|function|0x20
0x005581A0|fn_005581A0|function|0xC80
0x00558E20|fn_00558E20|function|0x30
0x00558E50|fn_00558E50|function|0xF0
0x00558F40|fn_00558F40|function|0x170
0x005590B0|fn_005590B0|function|0x30
0x005590E0|fn_005590E0|function|0x250
0x00559330|fn_00559330|function|0x20
0x00559350|fn_00559350|function|0x50
0x005593A0|fn_005593A0|function|0xF0
0x00559490|fn_00559490|function|0x60
0x005594F0|fn_005594F0|function|0xF0
0x005595E0|fn_005595E0|function|0x80
0x00559660|fn_00559660|function|0x1B0
0x00559810|fn_00559810|function|0x80
0x00559890|fn_00559890|function|0xD0
0x00559960|fn_00559960|function|0xF4
0x00559A54|fn_00559A54|function|0x2C
0x00559A80|fn_00559A80|function|0x100
0x00559B80|fn_00559B80|function|0x230
0x00559DB0|scramble_init|function|0x40
0x00559DF0|scramble_save|function|0x20
0x00559E10|scramble_update|function|0x90
0x00559EA0|fn_00559EA0|function|0x15A0
0x0055B440|fn_0055B440|function|0x20
0x0055B460|fn_0055B460|function|0x2D0
0x0055B730|fn_0055B730|function|0x230
0x0055B960|fn_0055B960|function|0x60
0x0055B9C0|fn_0055B9C0|function|0x20
0x0055B9E0|fn_0055B9E0|function|0x50
0x0055BA30|fn_0055BA30|function|0x20
0x0055BA50|fn_0055BA50|function|0x50
0x0055BAA0|fn_0055BAA0|function|0x30
0x0055BAD0|fn_0055BAD0|function|0x20
0x0055BAF0|fn_0055BAF0|function|0x20
0x0055BB10|fn_0055BB10|function|0x20
0x0055BB30|fn_0055BB30|function|0x20
0x0055BB50|fn_0055BB50|function|0x30
0x0055BB80|fn_0055BB80|function|0x30
0x0055BBB0|fn_0055BBB0|function|0x20
0x0055BBD0|fn_0055BBD0|function|0x30
0x0055BC00|fn_0055BC00|function|0x180
0x0055BD80|fn_0055BD80|function|0x100
0x0055BE80|fn_0055BE80|function|0x30
0x0055BEB0|fn_0055BEB0|function|0xE0
0x0055BF90|fn_0055BF90|function|0x30
0x0055BFC0|fn_0055BFC0|function|0x40
0x0055C000|fn_0055C000|function|0x80
0x0055C080|fn_0055C080|function|0x120
0x0055C1A0|fn_0055C1A0|function|0x250
0x0055C3F0|fn_0055C3F0|function|0x40
0x0055C430|fn_0055C430|function|0x20
0x0055C450|fn_0055C450|function|0x30
0x0055C480|fn_0055C480|function|0x60
0x0055C4E0|fn_0055C4E0|function|0xB0
0x0055C590|fn_0055C590|function|0x20
0x0055C5B0|fn_0055C5B0|function|0x110
0x0055C6C0|fn_0055C6C0|function|0x20
0x0055C6E0|fn_0055C6E0|function|0x1B0
0x0055C890|fn_0055C890|function|0x100
0x0055C990|fn_0055C990|function|0x80
0x0055CA10|fn_0055CA10|function|0xD0
0x0055CAE0|fn_0055CAE0|function|0x80
0x0055CB60|fn_0055CB60|function|0x80
0x0055CBE0|fn_0055CBE0|function|0x1A0
0x0055CD80|fn_0055CD80|function|0xB0
0x0055CE30|fn_0055CE30|function|0x30
0x0055CE60|fn_0055CE60|function|0x70
0x0055CED0|fn_0055CED0|function|0x30
0x0055CF00|fn_0055CF00|function|0x170
0x0055D070|fn_0055D070|function|0x30
0x0055D0A0|fn_0055D0A0|function|0x70
0x0055D110|fn_0055D110|function|0x1A0
0x0055D2B0|fn_0055D2B0|function|0x150
0x0055D400|fn_0055D400|function|0x130
0x0055D530|fn_0055D530|function|0xF0
0x0055D620|fn_0055D620|function|0x20
0x0055D640|fn_0055D640|function|0x80
0x0055D6C0|fn_0055D6C0|function|0x30
0x0055D6F0|fn_0055D6F0|function|0x90
0x0055D780|fn_0055D780|function|0x30
0x0055D7B0|fn_0055D7B0|function|0x50
0x0055D800|fn_0055D800|function|0x50
0x0055D850|fn_0055D850|function|0x30
0x0055D880|fn_0055D880|function|0x40
0x0055D8C0|fn_0055D8C0|function|0x50
0x0055D910|fn_0055D910|function|0x50
0x0055D960|fn_0055D960|function|0x40
0x0055D9A0|fn_0055D9A0|function|0x80
0x0055DA20|fn_0055DA20|function|0x30
0x0055DA50|fn_0055DA50|function|0x70
0x0055DAC0|fn_0055DAC0|function|0x40
0x0055DB00|fn_0055DB00|function|0x30
0x0055DB30|fn_0055DB30|function|0x20
0x0055DB50|fn_0055DB50|function|0x10
0x0055DB60|fn_0055DB60|function|0x10
0x0055DB70|fn_0055DB70|function|0x10
0x0055DB80|fn_0055DB80|function|0xF0
0x0055DC70|fn_0055DC70|function|0x30
0x0055DCA0|fn_0055DCA0|function|0x10
0x0055DCB0|fn_0055DCB0|function|0x60
0x0055DD10|fn_0055DD10|function|0x70
0x0055DD80|fn_0055DD80|function|0x20
0x0055DDA0|fn_0055DDA0|function|0x10
0x0055DDB0|fn_0055DDB0|function|0x80
0x0055DE30|fn_0055DE30|function|0xC0
0x0055DEF0|fn_0055DEF0|function|0x20
0x0055DF10|fn_0055DF10|function|0x20
0x0055DF30|fn_0055DF30|function|0xB0
0x0055DFE0|fn_0055DFE0|function|0x60
0x0055E040|fn_0055E040|function|0x160
0x0055E1A0|fn_0055E1A0|function|0x70
0x0055E210|fn_0055E210|function|0x70
0x0055E280|fn_0055E280|function|0x60
0x0055E2E0|fn_0055E2E0|function|0x40
0x0055E320|fn_0055E320|function|0x80
0x0055E3A0|fn_0055E3A0|function|0x80
0x0055E420|fn_0055E420|function|0xA0
0x0055E4C0|fn_0055E4C0|function|0x2C0
0x0055E780|fn_0055E780|function|0x60
0x0055E7E0|fn_0055E7E0|function|0x270
0x0055EA50|fn_0055EA50|function|0xC0
0x0055EB10|fn_0055EB10|function|0x10
0x0055EB20|fn_0055EB20|function|0x10
0x0055EB30|fn_0055EB30|function|0x10
0x0055EB40|fn_0055EB40|function|0x10
0x0055EB50|fn_0055EB50|function|0x10
0x0055EB60|fn_0055EB60|function|0x10
0x0055EB70|fn_0055EB70|function|0x1C0
0x0055ED30|fn_0055ED30|function|0x120
0x0055EE50|fn_0055EE50|function|0x60
0x0055EEB0|fn_0055EEB0|function|0x20
0x0055EED0|fn_0055EED0|function|0x80
0x0055EF50|fn_0055EF50|function|0x10
0x0055EF60|fn_0055EF60|function|0x1B0
0x0055F110|fn_0055F110|function|0x470
0x0055F580|fn_0055F580|function|0x330
0x0055F8B0|fn_0055F8B0|function|0x50
0x0055F900|fn_0055F900|function|0x200
0x0055FB00|fn_0055FB00|function|0x170
0x0055FC70|fn_0055FC70|function|0x20
0x0055FC90|fn_0055FC90|function|0x240
0x0055FED0|fn_0055FED0|function|0x30
0x0055FF00|fn_0055FF00|function|0x30
0x0055FF30|fn_0055FF30|function|0x2C0
0x005601F0|fn_005601F0|function|0x400
0x005605F0|fn_005605F0|function|0x410
0x00560A00|fn_00560A00|function|0x790
0x00561190|fn_00561190|function|0x90
0x00561220|fn_00561220|function|0x90
0x005612B0|fn_005612B0|function|0x3C0
0x00561670|fn_00561670|function|0x290
0x00561900|fn_00561900|function|0x5C0
0x00561EC0|fn_00561EC0|function|0x3F0
0x005622B0|fn_005622B0|function|0x20
0x005622D0|fn_005622D0|function|0x20
0x005622F0|fn_005622F0|function|0x20
0x00562310|fn_00562310|function|0x20
0x00562330|fn_00562330|function|0x10
0x00562340|fn_00562340|function|0x20
0x00562360|fn_00562360|function|0x20
0x00562380|fn_00562380|function|0x10
0x00562390|fn_00562390|function|0x10
0x005623A0|fn_005623A0|function|0x10
0x005623B0|fn_005623B0|function|0x10
0x005623C0|fn_005623C0|function|0x40
0x00562400|fn_00562400|function|0x20
0x00562420|fn_00562420|function|0x20
0x00562440|fn_00562440|function|0x20
0x00562460|fn_00562460|function|0x20
0x00562480|fn_00562480|function|0x20
0x005624A0|fn_005624A0|function|0x20
0x005624C0|fn_005624C0|function|0x20
0x005624E0|fn_005624E0|function|0x20
0x00562500|fn_00562500|function|0x20
0x00562520|fn_00562520|function|0x20
0x00562540|fn_00562540|function|0x10
0x00562550|fn_00562550|function|0xB0
0x00562600|fn_00562600|function|0xB0
0x005626B0|fn_005626B0|function|0x120
0x005627D0|fn_005627D0|function|0x20
0x005627F0|fn_005627F0|function|0x20
0x00562810|fn_00562810|function|0x10
0x00562820|fn_00562820|function|0x10
0x00562830|fn_00562830|function|0x10
0x00562840|fn_00562840|function|0x1E0
0x00562A20|fn_00562A20|function|0x10
0x00562A30|fn_00562A30|function|0x30
0x00562A60|fn_00562A60|function|0xC0
0x00562B20|fn_00562B20|function|0x70
0x00562B90|fn_00562B90|function|0x10
0x00562BA0|fn_00562BA0|function|0x100
0x00562CA0|fn_00562CA0|function|0x2C0
0x00562F60|fn_00562F60|function|0xAE0
0x00563A40|fn_00563A40|function|0xB70
0x005645B0|fn_005645B0|function|0x170
0x00564720|fn_00564720|function|0x50
0x00564770|fn_00564770|function|0x30
0x005647A0|fn_005647A0|function|0x40
0x005647E0|fn_005647E0|function|0x30
0x00564810|fn_00564810|function|0x30
0x00564840|fn_00564840|function|0x20
0x00564860|fn_00564860|function|0x10
0x00564870|fn_00564870|function|0x20
0x00564890|fn_00564890|function|0x20
0x005648B0|fn_005648B0|function|0x10
0x005648C0|fn_005648C0|function|0x90
0x00564950|fn_00564950|function|0xD0
0x00564A20|fn_00564A20|function|0x80
0x00564AA0|fn_00564AA0|function|0x20
0x00564AC0|fn_00564AC0|function|0x20
0x00564AE0|fn_00564AE0|function|0x60
0x00564B40|fn_00564B40|function|0x20
0x00564B60|fn_00564B60|function|0x20
0x00564B80|fn_00564B80|function|0x30
0x00564BB0|fn_00564BB0|function|0x50
0x00564C00|fn_00564C00|function|0x20
0x00564C20|fn_00564C20|function|0x20
0x00564C40|fn_00564C40|function|0x20
0x00564C60|fn_00564C60|function|0x10
0x00564C70|fn_00564C70|function|0x10
0x00564C80|fn_00564C80|function|0x40
0x00564CC0|fn_00564CC0|function|0x20
0x00564CE0|fn_00564CE0|function|0x20
0x00564D00|fn_00564D00|function|0x20
0x00564D20|fn_00564D20|function|0x10
0x00564D30|fn_00564D30|function|0x20
0x00564D50|fn_00564D50|function|0x20
0x00564D70|fn_00564D70|function|0x20
0x00564D90|fn_00564D90|function|0xB0
0x00564E40|fn_00564E40|function|0xB0
0x00564EF0|fn_00564EF0|function|0x100
0x00564FF0|fn_00564FF0|function|0xF0
0x005650E0|fn_005650E0|function|0xD0
0x005651B0|fn_005651B0|function|0xD0
0x00565280|fn_00565280|function|0x60
0x005652E0|fn_005652E0|function|0x80
0x00565360|fn_00565360|function|0x20
0x00565380|fn_00565380|function|0x60
0x005653E0|fn_005653E0|function|0x20
0x00565400|fn_00565400|function|0x50
0x00565450|fn_00565450|function|0x20
0x00565470|fn_00565470|function|0x150
0x005655C0|fn_005655C0|function|0x30
0x005655F0|fn_005655F0|function|0x20
0x00565610|fn_00565610|function|0x50
0x00565660|fn_00565660|function|0xC0
0x00565720|fn_00565720|function|0x10
0x00565730|fn_00565730|function|0x10
0x00565740|fn_00565740|function|0x50
0x00565790|fn_00565790|function|0xF0
0x00565880|fn_00565880|function|0x140
0x005659C0|fn_005659C0|function|0x70
0x00565A30|fn_00565A30|function|0xC0
0x00565AF0|fn_00565AF0|function|0xC0
0x00565BB0|fn_00565BB0|function|0xE0
0x00565C90|fn_00565C90|function|0x40
0x00565CD0|fn_00565CD0|function|0x40
0x00565D10|fn_00565D10|function|0x20
0x00565D30|fn_00565D30|function|0x100
0x00565E30|fn_00565E30|function|0x60
0x00565E90|fn_00565E90|function|0xA0
0x00565F30|fn_00565F30|function|0x5D
0x00565F8D|fn_00565F8D|function|0x23
0x00565FB0|fn_00565FB0|function|0x2C9
0x00566279|fn_00566279|function|0x27
0x005662A0|fn_005662A0|function|0x40
0x005662E0|fn_005662E0|function|0xD0
0x005663B0|fn_005663B0|function|0x50
0x00566400|fn_00566400|function|0x160
0x00566560|fn_00566560|function|0x20
0x00566580|fn_00566580|function|0x30
0x005665B0|fn_005665B0|function|0x20
0x005665D0|fn_005665D0|function|0x4E0
0x00566AB0|fn_00566AB0|function|0x60
0x00566B10|fn_00566B10|function|0x120
0x00566C30|fn_00566C30|function|0x30
0x00566C60|fn_00566C60|function|0x90
0x00566CF0|fn_00566CF0|function|0x40
0x00566D30|fn_00566D30|function|0x40
0x00566D70|fn_00566D70|function|0xB0
0x00566E20|fn_00566E20|function|0x90
0x00566EB0|fn_00566EB0|function|0x20
0x00566ED0|fn_00566ED0|function|0xB0
0x00566F80|fn_00566F80|function|0x30
0x00566FB0|fn_00566FB0|function|0x30
0x00566FE0|fn_00566FE0|function|0xA0
0x00567080|fn_00567080|function|0x20
0x005670A0|fn_005670A0|function|0x260
0x00567300|fn_00567300|function|0x50
0x00567350|fn_00567350|function|0xC0
0x00567410|fn_00567410|function|0x20
0x00567430|fn_00567430|function|0x140
0x00567570|fn_00567570|function|0xAD0
0x00568040|fn_00568040|function|0x40
0x00568080|fn_00568080|function|0x20
0x005680A0|fn_005680A0|function|0x20
0x005680C0|fn_005680C0|function|0x20
0x005680E0|fn_005680E0|function|0x60
0x00568140|fn_00568140|function|0x890
0x005689D0|fn_005689D0|function|0xC0
0x00568A90|fn_00568A90|function|0x10
0x00568AA0|fn_00568AA0|function|0x60
0x00568B00|fn_00568B00|function|0x10
0x00568B10|fn_00568B10|function|0x10
0x00568B20|fn_00568B20|function|0x10
0x00568B30|fn_00568B30|function|0x20
0x00568B50|fn_00568B50|function|0xA0
0x00568BF0|fn_00568BF0|function|0x90
0x00568C80|fn_00568C80|function|0x100
0x00568D80|fn_00568D80|function|0xC0
0x00568E40|fn_00568E40|function|0xBD0
0x00569A10|fn_00569A10|function|0x40
0x00569A50|fn_00569A50|function|0x910
0x0056A360|fn_0056A360|function|0x70
0x0056A3D0|fn_0056A3D0|function|0x2E0
0x0056A6B0|fn_0056A6B0|function|0xB0
0x0056A760|fn_0056A760|function|0x3E0
0x0056AB40|fn_0056AB40|function|0x130
0x0056AC70|fn_0056AC70|function|0x180
0x0056ADF0|fn_0056ADF0|function|0x870
0x0056B660|fn_0056B660|function|0x19D
0x0056B7FD|fn_0056B7FD|function|0x5A3
0x0056BDA0|fn_0056BDA0|function|0xD0
0x0056BE70|fn_0056BE70|function|0x1C0
0x0056C030|fn_0056C030|function|0x710
0x0056C740|crt_sprintf|function|0x52
0x0056C792|fn_0056C792|function|0x17
0x0056C7A9|fn_0056C7A9|function|0x1
0x0056C7AA|fn_0056C7AA|function|0x3A
0x0056C7E4|fn_0056C7E4|function|0x2C
0x0056C810|crt_strncpy|function|0x100
0x0056C910|fn_0056C910|function|0x40
0x0056C950|fn_0056C950|function|0x10
0x0056C960|_strchr|function|0xBC
0x0056CA1C|fn_0056CA1C|function|0x2E
0x0056CA4A|_isupper|function|0x28
0x0056CA72|_islower|function|0x28
0x0056CA9A|_isdigit|function|0x28
0x0056CAC2|_isspace|function|0x28
0x0056CAEA|fn_0056CAEA|function|0x34
0x0056CB1E|?_CallMemberFunction0@@YGXPAX0@Z|function|0x5D
0x0056CB7B|fn_0056CB7B|function|0x297
0x0056CE12|fn_0056CE12|function|0x68
0x0056CE7A|__abnormal_termination|function|0x23
0x0056CE9D|fn_0056CE9D|function|0x9
0x0056CEA6|fn_0056CEA6|function|0x18
0x0056CEBE|crt_tolower|function|0x6F
0x0056CF2D|__tolower_lk|function|0xCB
0x0056CFF8|_sscanf|function|0x34
0x0056D02C|crt_fclose|function|0x31
0x0056D05D|__fclose_lk|function|0x4C
0x0056D0A9|fn_0056D0A9|function|0x62
0x0056D10B|__fsopen|function|0x31
0x0056D13C|crt_fopen|function|0x13
0x0056D14F|__onexit|function|0x7E
0x0056D1CD|crt_atexit|function|0x12
0x0056D1DF|fn_0056D1DF|function|0x31
0x0056D210|_memmove|function|0x29A
0x0056D4AA|fn_0056D4AA|function|0xA6
0x0056D550|_strncmp|function|0x40
0x0056D590|crt_strrchr|function|0x27
0x0056D5B7|fn_0056D5B7|function|0xA9
0x0056D660|_strncat|function|0x123
0x0056D783|_srand|function|0xD
0x0056D790|fn_0056D790|function|0x30
0x0056D7C0|__chkstk|function|0x2F
0x0056D7EF|_time|function|0xDC
0x0056D8CB|fn_0056D8CB|function|0x160
0x0056DA2B|crt_printf|function|0x41
0x0056DA6C|__cinit|function|0x2D
0x0056DA99|_exit|function|0x11
0x0056DAAA|__exit|function|0x11
0x0056DABB|_doexit|function|0xA5
0x0056DB60|__lockexit|function|0x9
0x0056DB69|__unlockexit|function|0x9
0x0056DB72|__initterm|function|0x1A
0x0056DB8C|??_L@YGXPAXIHP6EX0@Z1@Z|function|0x6A
0x0056DBF6|fn_0056DBF6|function|0x18
0x0056DC0E|??_M@YGXPAXIHP6EX0@Z@Z|function|0x68
0x0056DC76|fn_0056DC76|function|0x18
0x0056DC8E|?__ArrayUnwind@@YGXPAXIHP6EX0@Z@Z|function|0x3C
0x0056DCCA|fn_0056DCCA|function|0xA
0x0056DCD4|fn_0056DCD4|function|0x1C
0x0056DCF0|crt_strstr|function|0x80
0x0056DD70|fn_0056DD70|function|0x14
0x0056DD84|fn_0056DD84|function|0x9
0x0056DD8D|fn_0056DD8D|function|0x18F
0x0056DF1C|__findfirst|function|0xCD
0x0056DFE9|__findnext|function|0xC8
0x0056E0B1|__findclose|function|0x20
0x0056E0D1|___timet_from_ft|function|0x64
0x0056E135|_WinMainCRTStartup|function|0xFD
0x0056E232|fn_0056E232|function|0xB
0x0056E23D|__amsg_exit|function|0x25
0x0056E262|_fast_error_exit|function|0x24
0x0056E286|_atol|function|0x8B
0x0056E311|fn_0056E311|function|0xB
0x0056E31C|_floor|function|0xCF
0x0056E3EB|fn_0056E3EB|function|0x135
0x0056E520|fn_0056E520|function|0x14
0x0056E534|fn_0056E534|function|0x9
0x0056E53D|fn_0056E53D|function|0x9D
0x0056E5DA|_ceil|function|0xCF
0x0056E6A9|_qsort|function|0x154
0x0056E7FD|_shortsort|function|0x4E
0x0056E84B|_swap|function|0x2C
0x0056E877|_bsearch|function|0x8C
0x0056E903|fn_0056E903|function|0x9
0x0056E90C|__isnan|function|0x2E
0x0056E93A|__fpclass|function|0x96
0x0056E9D0|fn_0056E9D0|function|0x14
0x0056E9E4|fn_0056E9E4|function|0x9
0x0056E9ED|fn_0056E9ED|function|0xAE
0x0056EA9B|crt_free|function|0x6A
0x0056EB05|fn_0056EB05|function|0x9
0x0056EB0E|fn_0056EB0E|function|0x4F
0x0056EB5D|fn_0056EB5D|function|0x9
0x0056EB66|fn_0056EB66|function|0x1E
0x0056EB84|crt_malloc|function|0x12
0x0056EB96|__nh_malloc|function|0x2C
0x0056EBC2|__heap_alloc|function|0x67
0x0056EC29|fn_0056EC29|function|0x9
0x0056EC32|fn_0056EC32|function|0x53
0x0056EC85|fn_0056EC85|function|0x3
0x0056EC88|fn_0056EC88|function|0x9
0x0056EC91|fn_0056EC91|function|0x2F
0x0056ECC0|_strpbrk|function|0x3A
0x0056ECFA|crt_atof|function|0x57
0x0056ED51|_strtol|function|0x17
0x0056ED68|__spawnve|function|0x208
0x0056EF70|__CIpow|function|0x19
0x0056EF89|fn_0056EF89|function|0x9
0x0056EF92|fn_0056EF92|function|0x1D3
0x0056F165|fn_0056F165|function|0x2B
0x0056F190|fn_0056F190|function|0x146
0x0056F2D6|__mkdir|function|0x2C
0x0056F302|fn_0056F302|function|0x2A
0x0056F32C|crt_remove|function|0xB
0x0056F337|__getcwd|function|0x27
0x0056F35E|__getdcwd_lk|function|0xD5
0x0056F433|__validdrive|function|0x37
0x0056F46A|__getdrive|function|0x43
0x0056F4AD|fn_0056F4AD|function|0xF9
0x0056F5A6|crt_strlen|function|0x134
0x0056F6DA|crt_setvbuf|function|0xAF
0x0056F789|crt_filelength|function|0x8A
0x0056F813|crt_fflush|function|0x2F
0x0056F842|__fflush_lk|function|0x2E
0x0056F870|__flush|function|0x5C
0x0056F8CC|__flushall|function|0x9
0x0056F8D5|_flsall|function|0xA4
0x0056F979|crt_fseek|function|0x2C
0x0056F9A5|__fseek_lk|function|0x8D
0x0056FA32|crt_rename|function|0x2E
0x0056FA60|crt_toupper|function|0x6F
0x0056FACF|__toupper_lk|function|0xCC
0x0056FB9B|_fscanf|function|0x2D
0x0056FBC8|crt_fread|function|0x2F
0x0056FBF7|__fread_lk|function|0xE8
0x0056FCDF|crt_fwrite|function|0x2F
0x0056FD0E|fn_0056FD0E|function|0x112
0x0056FE20|fn_0056FE20|function|0xB0
0x0056FED0|__allmul|function|0x40
0x0056FF10|fn_0056FF10|function|0xF0
0x00570000|fn_00570000|function|0x67
0x00570067|fn_00570067|function|0x74
0x005700DB|fn_005700DB|function|0x14
0x005700EF|fn_005700EF|function|0x51
0x00570140|crt_strnicmp|function|0x101
0x00570241|___initstdio|function|0xA8
0x005702E9|___endstdio|function|0x14
0x005702FD|__lock_file|function|0x2F
0x0057032C|__lock_file2|function|0x23
0x0057034F|__unlock_file|function|0x2F
0x0057037E|__unlock_file2|function|0x23
0x005703A1|__putenv|function|0x21
0x005703C2|__getenv_lk|function|0x7D
0x0057043F|__flsbuf|function|0x118
0x00570557|__output|function|0x721
0x00570C78|fn_00570C78|function|0xE9
0x00570D61|__setdefaultprecision|function|0x12
0x00570D73|fn_00570D73|function|0x3E
0x00570DB1|__ms_p5_mp_test_fdiv|function|0x29
0x00570DDA|fn_00570DDA|function|0x426
0x00571200|__isctype|function|0x75
0x00571275|fn_00571275|function|0x3BC
0x00571631|fn_00571631|function|0xA
0x0057163B|fn_0057163B|function|0x2D
0x00571668|?ArrayUnwindFilter@@YAHPAU_EXCEPTION_POINTERS@@@Z|function|0x16
0x0057167E|fn_0057167E|function|0x120
0x0057179E|fn_0057179E|function|0xA
0x005717A8|fn_005717A8|function|0x18
0x005717C0|fn_005717C0|function|0x54
0x00571814|?ExFilterRethrow@@YAHPAU_EXCEPTION_POINTERS@@@Z|function|0x2A
0x0057183E|fn_0057183E|function|0x1B8
0x005719F6|fn_005719F6|function|0x4
0x005719FA|fn_005719FA|function|0x8
0x00571A02|?_DestructExceptionObject@@YAXPAUEHExceptionRecord@@E@Z|function|0x56
0x00571A58|fn_00571A58|function|0x9
0x00571A61|fn_00571A61|function|0x8
0x00571A69|fn_00571A69|function|0x27
0x00571A90|fn_00571A90|function|0x4C
0x00571ADC|__mtinit|function|0x54
0x00571B30|__initptd|function|0x13
0x00571B43|__getptd|function|0x67
0x00571BAA|__freeptd|function|0xA0
0x00571C4A|?terminate@@YAXXZ|function|0x48
0x00571C92|fn_00571C92|function|0x4
0x00571C96|fn_00571C96|function|0x10
0x00571CA6|fn_00571CA6|function|0x5
0x00571CAB|fn_00571CAB|function|0x3D
0x00571CE8|fn_00571CE8|function|0x4
0x00571CEC|fn_00571CEC|function|0x10
0x00571CFC|fn_00571CFC|function|0x5
0x00571D01|__mtinitlocks|function|0x29
0x00571D2A|__lock|function|0x61
0x00571D8B|__unlock|function|0x15
0x00571DA0|___crtLCMapStringA|function|0x110
0x00571EB0|fn_00571EB0|function|0x4
0x00571EB4|fn_00571EB4|function|0xB0
0x00571F64|fn_00571F64|function|0x4
0x00571F68|fn_00571F68|function|0x5C
0x00571FC4|_strncnt|function|0x2B
0x00571FEF|__input|function|0xA25
0x00572A14|__hextodec|function|0x37
0x00572A4B|__inc|function|0x1A
0x00572A65|__un_inc|function|0x17
0x00572A7C|__whiteout|function|0x24
0x00572AA0|_strlen|function|0x7B
0x00572B1B|__close|function|0x5D
0x00572B78|__close_lk|function|0x83
0x00572BFB|__freebuf|function|0x2B
0x00572C26|__filbuf|function|0xDC
0x00572D02|__openfile|function|0x170
0x00572E72|__getstream|function|0xC8
0x00572F3A|_realloc|function|0x183
0x005730BD|fn_005730BD|function|0x8
0x005730C5|fn_005730C5|function|0x9
0x005730CE|fn_005730CE|function|0x13F
0x0057320D|fn_0057320D|function|0x6
0x00573213|fn_00573213|function|0xB
0x0057321E|fn_0057321E|function|0x4B
0x00573269|__msize|function|0x67
0x005732D0|fn_005732D0|function|0x3
0x005732D3|fn_005732D3|function|0x9
0x005732DC|fn_005732DC|function|0x6F
0x0057334B|fn_0057334B|function|0x3
0x0057334E|fn_0057334E|function|0x9
0x00573357|___loctotime_t|function|0xC2
0x00573419|___tzset|function|0x2E
0x00573447|__tzset_lk|function|0x287
0x005736CE|__isindst|function|0x21
0x005736EF|__isindst_lk|function|0x1AC
0x0057389B|_cvtdate|function|0x140
0x005739DB|fn_005739DB|function|0x10A
0x00573AE5|__stbuf|function|0x8D
0x00573B72|__ftbuf|function|0x2E
0x00573BA0|fn_00573BA0|function|0x1D0
0x00573D70|__startTwoArgErrorHandling|function|0x17
0x00573D87|fn_00573D87|function|0x49
0x00573DD0|__twoToTOS|function|0x15
0x00573DE5|__load_CW|function|0x17
0x00573DFC|__convertTOStoQNaN|function|0x19
0x00573E15|__fload_withFB|function|0x43
0x00573E58|__checkTOS_withFB|function|0x16
0x00573E6E|fn_00573E6E|function|0xF2
0x00573F60|_strcpy|function|0x10
0x00573F70|_strcat|function|0xE0
0x00574050|__dosmaperr|function|0x73
0x005740C3|__errno|function|0x9
0x005740CC|___doserrno|function|0x9
0x005740D5|__XcptFilter|function|0x13E
0x00574213|_xcptlookup|function|0x3A
0x0057424D|__wincmdln|function|0x58
0x005742A5|__setenvp|function|0xB9
0x0057435E|__setargv|function|0x99
0x005743F7|_parse_cmdline|function|0x1B4
0x005745AB|___crtGetEnvironmentStringsA|function|0x132
0x005746DD|__ioinit|function|0x1BC
0x00574899|__GetLinkerVersion|function|0x2D
0x005748C6|___heap_select|function|0x148
0x00574A0E|__heap_init|function|0x5D
0x00574A6B|__FF_MSGBANNER|function|0x39
0x00574AA4|__NMSG_WRITE|function|0x153
0x00574BF7|__handle_qnan1|function|0x54
0x00574C4B|__except1|function|0x98
0x00574CE3|__raise_exc|function|0x2B3
0x00574F96|__handle_exc|function|0x217
0x005751AD|__umatherr|function|0x88
0x00575235|__set_errno|function|0x28
0x0057525D|__get_fname|function|0x25
0x00575282|__errcode|function|0x2D
0x005752AF|__frnd|function|0x12
0x005752C1|__set_exp|function|0x29
0x005752EA|__sptype|function|0x5A
0x00575344|__decomp|function|0xC1
0x00575405|__statfp|function|0xE
0x00575413|__clrfp|function|0xF
0x00575422|__ctrlfp|function|0x23
0x00575445|__set_statfp|function|0x56
0x0057549B|___sbh_heap_init|function|0x48
0x005754E3|___sbh_find_block|function|0x2B
0x0057550E|___sbh_free_block|function|0x329
0x00575837|___sbh_alloc_block|function|0x309
0x00575B40|___sbh_alloc_new_region|function|0xB1
0x00575BF1|___sbh_alloc_new_group|function|0xFB
0x00575CEC|___sbh_resize_block|function|0x2F6
0x00575FE2|___old_sbh_new_region|function|0x144
0x00576126|___old_sbh_release_region|function|0x56
0x0057617C|___old_sbh_decommit_pages|function|0xC2
0x0057623E|___old_sbh_find_block|function|0x57
0x00576295|___old_sbh_free_block|function|0x45
0x005762DA|___old_sbh_alloc_block|function|0x208
0x005764E2|___old_sbh_alloc_block_from_page|function|0x124
0x00576606|___old_sbh_resize_block|function|0xA9
0x005766AF|__callnewh|function|0x1B
0x005766CA|fn_005766CA|function|0x28D
0x00576957|__powhlp|function|0x130
0x00576A87|__d_inttype|function|0x65
0x00576AEC|fn_00576AEC|function|0x37
0x00576B23|fn_00576B23|function|0x14
0x00576B37|fn_00576B37|function|0x1A
0x00576B51|fn_00576B51|function|0x7B
0x00576BCC|__alloc_osfhnd|function|0x123
0x00576CEF|__set_osfhnd|function|0x7C
0x00576D6B|__free_osfhnd|function|0x7F
0x00576DEA|__get_osfhandle|function|0x42
0x00576E2C|__lock_fhandle|function|0x5F
0x00576E8B|__unlock_fhandle|function|0x22
0x00576EAD|__lseek|function|0x65
0x00576F12|__lseek_lk|function|0x73
0x00576F85|__commit|function|0x93
0x00577018|__write|function|0x65
0x0057707D|__write_lk|function|0x18B
0x00577208|__ftell_lk|function|0x161
0x00577369|__read|function|0x65
0x005773CE|__read_lk|function|0x1E2
0x005775B0|_memcpy|function|0x2D4
0x00577884|fn_00577884|function|0x61
0x005778E5|_calloc|function|0x94
0x00577979|fn_00577979|function|0x5
0x0057797E|fn_0057797E|function|0x9
0x00577987|fn_00577987|function|0x7B
0x00577A02|fn_00577A02|function|0x5
0x00577A07|fn_00577A07|function|0x9
0x00577A10|fn_00577A10|function|0x93
0x00577AA3|__mbsnbicoll|function|0x3F
0x00577AE2|___wtomb_environ|function|0x6E
0x00577B50|__getbuf|function|0x44
0x00577B94|__isatty|function|0x29
0x00577BBD|fn_00577BBD|function|0x1A8
0x00577D65|__control87|function|0x35
0x00577D9A|__controlfp|function|0x16
0x00577DB0|__abstract_cw|function|0x92
0x00577E42|__hw_cw|function|0x89
0x00577ECB|fn_00577ECB|function|0x575
0x00578440|_memset|function|0x58
0x00578498|fn_00578498|function|0x9
0x005784A1|___crtGetStringTypeA|function|0xF9
0x0057859A|fn_0057859A|function|0x4
0x0057859E|fn_0057859E|function|0x4C
0x005785EA|?__CxxUnhandledExceptionFilter@@YGJPAU_EXCEPTION_POINTERS@@@Z|function|0x46
0x00578630|fn_00578630|function|0x11
0x00578641|fn_00578641|function|0xD
0x0057864E|fn_0057864E|function|0x38
0x00578686|?_ValidateExecute@@YAHP6GHXZ@Z|function|0x1A
0x005786A0|_strcmp|function|0x84
0x00578724|fn_00578724|function|0x17
0x0057873B|_mbtowc|function|0x5D
0x00578798|__mbstowcs_lk|function|0xD8
0x00578870|__allshl|function|0x1F
0x0057888F|fn_0057888F|function|0x6E
0x005788FD|__sopen|function|0x2CF
0x00578BCC|__87except|function|0xD0
0x00578C9C|__ismbblead|function|0x11
0x00578CAD|_x_ismbbtype|function|0x31
0x00578CDE|__setmbcp|function|0x1AD
0x00578E8B|_getSystemCP|function|0x4A
0x00578ED5|_CPtoLCID|function|0x33
0x00578F08|_setSBCS|function|0x29
0x00578F31|_setSBUpLow|function|0x185
0x005790B6|___initmbctable|function|0x1C
0x005790D2|___crtMessageBoxA|function|0x89
0x0057915B|__matherr|function|0x3
0x0057915E|fn_0057915E|function|0x125D
0x0057A3BB|___crtCompareStringA|function|0x1B7
0x0057A572|fn_0057A572|function|0x4
0x0057A576|fn_0057A576|function|0x6B
0x0057A5E1|fn_0057A5E1|function|0x4
0x0057A5E5|fn_0057A5E5|function|0x53
0x0057A638|___crtsetenv|function|0x187
0x0057A7BF|_findenv|function|0x58
0x0057A817|_copy_environ|function|0x67
0x0057A87E|_raise|function|0x182
0x0057AA00|_siglookup|function|0x3D
0x0057AA3D|fn_0057AA3D|function|0x443
0x0057AE80|crt_stricmp|function|0xD0
0x0057AF50|__chsize_lk|function|0x125
0x0057B075|fn_0057B075|function|0x29C
0x0057B311|__mbschr|function|0x97
0x0057B3A8|__mbsdup|function|0x2B
0x0057B3D3|__setmode_lk|function|0x6D
0x0057B440|fn_0057B440|function|0x29
0x0057B469|fn_0057B469|function|0x47
0x0057B4B0|_DirectInputCreateA|function|0x6
0x0057B4B6|_WSOCK32_14|function|0x6
0x0057B4BC|_WSOCK32_52|function|0x6
0x0057B4C2|_WSOCK32_10|function|0x6
0x0057B4C8|_WSOCK32_15|function|0x6
0x0057B4CE|_WSOCK32_19|function|0x6
0x0057B4D4|_WSOCK32_18|function|0x6
0x0057B4DA|_WSOCK32_111|function|0x6
0x0057B4E0|_WSOCK32_4|function|0x6
0x0057B4E6|_WSOCK32_9|function|0x6
0x0057B4EC|_WSOCK32_12|function|0x6
0x0057B4F2|_WSOCK32_2|function|0x6
0x0057B4F8|_WSOCK32_23|function|0x6
0x0057B4FE|_WSOCK32_3|function|0x6
0x0057B504|_WSOCK32_22|function|0x6
0x0057B50A|_WSOCK32_16|function|0x6
0x0057B510|_WSOCK32_20|function|0x6
0x0057B516|_WSOCK32_8|function|0x6
0x0057B51C|_WSOCK32_7|function|0x6
0x0057B522|_WSOCK32_21|function|0x6
0x0057B528|_WSOCK32_17|function|0x6
0x0057B52E|_WSOCK32_151|function|0x6
0x0057B534|_WSOCK32_116|function|0x6
0x0057B53A|_WSOCK32_113|function|0x6
0x0057B540|_WSOCK32_115|function|0x6
0x0057B546|_WSOCK32_11|function|0x6
0x0057B54C|_WSOCK32_13|function|0x6
0x0057B552|_WSOCK32_1|function|0x6
0x0057B558|_WSOCK32_6|function|0x6
0x0057B55E|_WSOCK32_55|function|0x6
0x0057B564|_DirectDrawEnumerateA|function|0x6
0x0057B56A|_DSOUND_1|function|0x6
0x0057B570|_acmMetrics|function|0x6
0x0057B576|_acmDriverDetailsA|function|0x6
0x0057B57C|_acmStreamOpen|function|0x6
0x0057B582|_acmStreamClose|function|0x6
0x0057B588|_acmStreamUnprepareHeader|function|0x6
0x0057B58E|_acmStreamConvert|function|0x6
0x0057B594|_acmStreamPrepareHeader|function|0x6
0x0057B59A|_acmStreamSize|function|0x6
0x0057B5A0|_acmDriverPriority|function|0x6
0x0057B5A6|_acmDriverOpen|function|0x6
0x0057B5AC|_acmDriverEnum|function|0x6
0x0057B5B2|_acmGetVersion|function|0x6
0x0057B5B8|_acmDriverClose|function|0x6
0x0057B5BE|_RtlUnwind|function|0x6
0x0057B5C4|_gluPerspective|function|0x6
0x0057B5CA|_gluLookAt|function|0x6
0x0057B5D0|___dtoxmode|function|0xB8
0x0057B688|crt_stat|function|0x2BB
0x0057B943|_IsRootUNCName|function|0x70
0x0057B9B3|__mbsicmp|function|0x195
0x0057BB48|__mbsrchr|function|0x72
0x0057BBBA|__fullpath|function|0xA5
0x0057BC5F|__mbctolower|function|0x7B
0x0057BCDA|__mbspbrk|function|0x96
0x0057BD70|fn_0057BD70|function|0xB
0x0057BD7B|fn_0057BD7B|function|0x15
0x0057BD90|fn_0057BD90|function|0xB
0x0057BD9B|fn_0057BD9B|function|0x15
0x0057BDB0|fn_0057BDB0|function|0xB
0x0057BDBB|fn_0057BDBB|function|0x15
0x0057BDD0|fn_0057BDD0|function|0xE
0x0057BDDE|fn_0057BDDE|function|0x12
0x0057BDF0|fn_0057BDF0|function|0xE
0x0057BDFE|fn_0057BDFE|function|0xE
0x0057BE0C|fn_0057BE0C|function|0x14
0x0057BE20|fn_0057BE20|function|0xB
0x0057BE2B|fn_0057BE2B|function|0x15
0x0057BE40|fn_0057BE40|function|0xB
0x0057BE4B|fn_0057BE4B|function|0x15
0x0057BE60|fn_0057BE60|function|0xB
0x0057BE6B|fn_0057BE6B|function|0x15
0x0057BE80|fn_0057BE80|function|0xB
0x0057BE8B|fn_0057BE8B|function|0x15
0x0057BEA0|fn_0057BEA0|function|0xB
0x0057BEAB|fn_0057BEAB|function|0xB
0x0057BEB6|fn_0057BEB6|function|0xB
0x0057BEC1|fn_0057BEC1|function|0xF
0x0057BED0|fn_0057BED0|function|0xE
0x0057BEDE|fn_0057BEDE|function|0xE
0x0057BEEC|fn_0057BEEC|function|0xE
0x0057BEFA|fn_0057BEFA|function|0xE
0x0057BF08|fn_0057BF08|function|0xE
0x0057BF16|fn_0057BF16|function|0xE
0x0057BF24|fn_0057BF24|function|0xE
0x0057BF32|fn_0057BF32|function|0xE
0x0057BF40|fn_0057BF40|function|0xE
0x0057BF4E|fn_0057BF4E|function|0xE
0x0057BF5C|fn_0057BF5C|function|0xE
0x0057BF6A|fn_0057BF6A|function|0xE
0x0057BF78|fn_0057BF78|function|0xE
0x0057BF86|fn_0057BF86|function|0xA
0x0057BF90|fn_0057BF90|function|0x8
0x0057BF98|fn_0057BF98|function|0xE
0x0057BFA6|fn_0057BFA6|function|0xA
0x0057BFB0|fn_0057BFB0|function|0x8
0x0057BFB8|fn_0057BFB8|function|0xE
0x0057BFC6|fn_0057BFC6|function|0xE
0x0057BFD4|fn_0057BFD4|function|0xE
0x0057BFE2|fn_0057BFE2|function|0xE
0x0057BFF0|fn_0057BFF0|function|0x10
0x0057C000|fn_0057C000|function|0x8
0x0057C008|fn_0057C008|function|0x18
0x0057C020|fn_0057C020|function|0x8
0x0057C028|fn_0057C028|function|0x18
0x0057C040|fn_0057C040|function|0xC
0x0057C04C|fn_0057C04C|function|0x14
0x0057C060|fn_0057C060|function|0x9
0x0057C069|fn_0057C069|function|0x17
0x0057C080|fn_0057C080|function|0xC
0x0057C08C|fn_0057C08C|function|0x14
0x0057C0A0|fn_0057C0A0|function|0xC
0x0057C0AC|fn_0057C0AC|function|0x14
0x0057C0C0|fn_0057C0C0|function|0xB
0x0057C0CB|fn_0057C0CB|function|0x15
0x0057C0E0|fn_0057C0E0|function|0xB
0x0057C0EB|fn_0057C0EB|function|0x15
0x0057C100|fn_0057C100|function|0x8
0x0057C108|fn_0057C108|function|0x8
0x0057C110|fn_0057C110|function|0x8
0x0057C118|fn_0057C118|function|0x8
0x0057C120|fn_0057C120|function|0x8
0x0057C128|fn_0057C128|function|0x8
0x0057C130|fn_0057C130|function|0x8
0x0057C138|fn_0057C138|function|0x8
0x0057C140|fn_0057C140|function|0x10
0x0057C150|fn_0057C150|function|0xB
0x0057C15B|fn_0057C15B|function|0x15
0x0057C170|fn_0057C170|function|0xB
0x0057C17B|fn_0057C17B|function|0x15
0x0057C190|fn_0057C190|function|0xB
0x0057C19B|fn_0057C19B|function|0x15
0x0057C1B0|fn_0057C1B0|function|0xB
0x0057C1BB|fn_0057C1BB|function|0x15
0x0057C1D0|fn_0057C1D0|function|0xB
0x0057C1DB|fn_0057C1DB|function|0x15
0x0057C1F0|fn_0057C1F0|function|0xB
0x0057C1FB|fn_0057C1FB|function|0xB
0x0057C206|fn_0057C206|function|0xA
0x0057C210|fn_0057C210|function|0xB
0x0057C21B|fn_0057C21B|function|0x15
0x0057C230|fn_0057C230|function|0xB
0x0057C23B|fn_0057C23B|function|0x15
0x0057C250|fn_0057C250|function|0x8
0x0057C258|fn_0057C258|function|0x18
0x0057C270|fn_0057C270|function|0xB
0x0057C27B|fn_0057C27B|function|0x15
0x0057C290|fn_0057C290|function|0x9
0x0057C299|fn_0057C299|function|0xF
0x0057C2A8|fn_0057C2A8|function|0x18
0x0057C2C0|fn_0057C2C0|function|0x9
0x0057C2C9|fn_0057C2C9|function|0x17
0x0057C2E0|fn_0057C2E0|function|0xC
0x0057C2EC|fn_0057C2EC|function|0xC
0x0057C2F8|fn_0057C2F8|function|0xC
0x0057C304|fn_0057C304|function|0xC
0x0057C310|fn_0057C310|function|0x9
0x0057C319|fn_0057C319|function|0x17
0x0057C330|fn_0057C330|function|0x9
0x0057C339|fn_0057C339|function|0x17
0x0057C350|fn_0057C350|function|0x9
0x0057C359|fn_0057C359|function|0x17
0x0057C370|fn_0057C370|function|0x9
0x0057C379|fn_0057C379|function|0x17
0x0057C390|fn_0057C390|function|0x9
0x0057C399|fn_0057C399|function|0x17
0x0057C3B0|fn_0057C3B0|function|0xB
0x0057C3BB|fn_0057C3BB|function|0xB
0x0057C3C6|fn_0057C3C6|function|0xA
0x0057C3D0|fn_0057C3D0|function|0xB
0x0057C3DB|fn_0057C3DB|function|0x15
0x0057C3F0|fn_0057C3F0|function|0x9
0x0057C3F9|fn_0057C3F9|function|0x17
0x0057C410|fn_0057C410|function|0xB
0x0057C41B|fn_0057C41B|function|0x15
0x0057C430|fn_0057C430|function|0xB
0x0057C43B|fn_0057C43B|function|0x15
0x0057C450|fn_0057C450|function|0xB
0x0057C45B|fn_0057C45B|function|0x15
0x0057C470|fn_0057C470|function|0xB
0x0057C47B|fn_0057C47B|function|0x15
0x0057C490|fn_0057C490|function|0xB
0x0057C49B|fn_0057C49B|function|0x15
0x0057C4B0|fn_0057C4B0|function|0xB
0x0057C4BB|fn_0057C4BB|function|0x15
0x0057C4D0|fn_0057C4D0|function|0xB
0x0057C4DB|fn_0057C4DB|function|0xB
0x0057C4E6|fn_0057C4E6|function|0xB
0x0057C4F1|fn_0057C4F1|function|0xF
0x0057C500|fn_0057C500|function|0x8
0x0057C508|fn_0057C508|function|0x18
0x0057C520|fn_0057C520|function|0x8
0x0057C528|fn_0057C528|function|0x18
0x0057C540|fn_0057C540|function|0x8
0x0057C548|fn_0057C548|function|0x18
0x0057C560|fn_0057C560|function|0xB
0x0057C56B|fn_0057C56B|function|0xB
0x0057C576|fn_0057C576|function|0xB
0x0057C581|fn_0057C581|function|0xF
0x0057C590|fn_0057C590|function|0x8
0x0057C598|fn_0057C598|function|0x18
0x0057C5B0|fn_0057C5B0|function|0x8
0x0057C5B8|fn_0057C5B8|function|0x8
0x0057C5C0|fn_0057C5C0|function|0x8
0x0057C5C8|fn_0057C5C8|function|0x8
0x0057C5D0|fn_0057C5D0|function|0x8
0x0057C5D8|fn_0057C5D8|function|0x18
0x0057C5F0|fn_0057C5F0|function|0x8
0x0057C5F8|fn_0057C5F8|function|0x18
0x0057C610|fn_0057C610|function|0x8
0x0057C618|fn_0057C618|function|0x18
0x0057C630|fn_0057C630|function|0x8
0x0057C638|fn_0057C638|function|0x18
0x0057C650|fn_0057C650|function|0x8
0x0057C658|fn_0057C658|function|0x18
0x0057C670|fn_0057C670|function|0x8
0x0057C678|fn_0057C678|function|0x18
0x0057C690|fn_0057C690|function|0x8
0x0057C698|fn_0057C698|function|0x8
0x0057C6A0|fn_0057C6A0|function|0xB
0x0057C6AB|fn_0057C6AB|function|0xB
0x0057C6B6|fn_0057C6B6|function|0xB
0x0057C6C1|fn_0057C6C1|function|0xF
0x0057C6D0|fn_0057C6D0|function|0xB
0x0057C6DB|fn_0057C6DB|function|0x15
0x0057C6F0|fn_0057C6F0|function|0x8
0x0057C6F8|fn_0057C6F8|function|0x18
0x0057C710|fn_0057C710|function|0xB
0x0057C71B|fn_0057C71B|function|0x15
0x0057C730|fn_0057C730|function|0xB
0x0057C73B|fn_0057C73B|function|0x15
0x0057C750|fn_0057C750|function|0x8
0x0057C758|fn_0057C758|function|0x18
0x0057C770|fn_0057C770|function|0x8
0x0057C778|fn_0057C778|function|0x18
0x0057C790|fn_0057C790|function|0xB
0x0057C79B|fn_0057C79B|function|0x15
0x0057C7B0|fn_0057C7B0|function|0x8
0x0057C7B8|fn_0057C7B8|function|0x18
0x0057C7D0|fn_0057C7D0|function|0x8
0x0057C7D8|fn_0057C7D8|function|0x18
0x0057C7F0|fn_0057C7F0|function|0x8
0x0057C7F8|fn_0057C7F8|function|0x18
0x0057C810|fn_0057C810|function|0x8
0x0057C818|fn_0057C818|function|0x18
0x0057C830|fn_0057C830|function|0x8
0x0057C838|fn_0057C838|function|0x18
0x0057C850|fn_0057C850|function|0xB
0x0057C85B|fn_0057C85B|function|0xB
0x0057C866|fn_0057C866|function|0xA
0x0057C870|fn_0057C870|function|0x8
0x0057C878|fn_0057C878|function|0x18
0x0057C890|fn_0057C890|function|0xB
0x0057C89B|fn_0057C89B|function|0x15
0x0057C8B0|fn_0057C8B0|function|0x8
0x0057C8B8|fn_0057C8B8|function|0x18
0x0057C8D0|fn_0057C8D0|function|0x8
0x0057C8D8|fn_0057C8D8|function|0x18
0x0057C8F0|fn_0057C8F0|function|0xB
0x0057C8FB|fn_0057C8FB|function|0x15
0x0057C910|fn_0057C910|function|0x8
0x0057C918|fn_0057C918|function|0x18
0x0057C930|fn_0057C930|function|0x8
0x0057C938|fn_0057C938|function|0x18
0x0057C950|fn_0057C950|function|0x8
0x0057C958|fn_0057C958|function|0x18
0x0057C970|fn_0057C970|function|0x8
0x0057C978|fn_0057C978|function|0x18
0x0057C990|fn_0057C990|function|0x8
0x0057C998|fn_0057C998|function|0x18
0x0057C9B0|fn_0057C9B0|function|0x8
0x0057C9B8|fn_0057C9B8|function|0x18
0x0057C9D0|fn_0057C9D0|function|0x8
0x0057C9D8|fn_0057C9D8|function|0x18
0x0057C9F0|fn_0057C9F0|function|0x8
0x0057C9F8|fn_0057C9F8|function|0x18
0x0057CA10|fn_0057CA10|function|0x8
0x0057CA18|fn_0057CA18|function|0x18
0x0057CA30|fn_0057CA30|function|0x8
0x0057CA38|fn_0057CA38|function|0x18
0x0057CA50|fn_0057CA50|function|0x8
0x0057CA58|fn_0057CA58|function|0x18
0x0057CA70|fn_0057CA70|function|0x8
0x0057CA78|fn_0057CA78|function|0x18
0x0057CA90|fn_0057CA90|function|0x8
0x0057CA98|fn_0057CA98|function|0x18
0x0057CAB0|fn_0057CAB0|function|0x8
0x0057CAB8|fn_0057CAB8|function|0x18
0x0057CAD0|fn_0057CAD0|function|0x8
0x0057CAD8|fn_0057CAD8|function|0x18
0x0057CAF0|fn_0057CAF0|function|0x8
0x0057CAF8|fn_0057CAF8|function|0x18
0x0057CB10|fn_0057CB10|function|0x8
0x0057CB18|fn_0057CB18|function|0x18
0x0057CB30|fn_0057CB30|function|0xB
0x0057CB3B|fn_0057CB3B|function|0x15
0x0057CB50|fn_0057CB50|function|0x8
0x0057CB58|fn_0057CB58|function|0x18
0x0057CB70|fn_0057CB70|function|0x9
0x0057CB79|fn_0057CB79|function|0x17
0x0057CB90|fn_0057CB90|function|0x8
0x0057CB98|fn_0057CB98|function|0x18
0x0057CBB0|fn_0057CBB0|function|0x8
0x0057CBB8|fn_0057CBB8|function|0x18
0x0057CBD0|fn_0057CBD0|function|0x8
0x0057CBD8|fn_0057CBD8|function|0x18
0x0057CBF0|fn_0057CBF0|function|0x8
0x0057CBF8|fn_0057CBF8|function|0x18
0x0057CC10|fn_0057CC10|function|0xB
0x0057CC1B|fn_0057CC1B|function|0x15
0x0057CC30|fn_0057CC30|function|0xB
0x0057CC3B|fn_0057CC3B|function|0xB
0x0057CC46|fn_0057CC46|function|0xA
0x0057CC50|fn_0057CC50|function|0xB
0x0057CC5B|fn_0057CC5B|function|0xB
0x0057CC66|fn_0057CC66|function|0xA
0x0057CC70|fn_0057CC70|function|0xB
0x0057CC7B|fn_0057CC7B|function|0x15
0x0057CC90|fn_0057CC90|function|0xB
0x0057CC9B|fn_0057CC9B|function|0x15
0x0057CCB0|fn_0057CCB0|function|0xB
0x0057CCBB|fn_0057CCBB|function|0x15
0x0057CCD0|fn_0057CCD0|function|0xB
0x0057CCDB|fn_0057CCDB|function|0x15
0x0057CCF0|fn_0057CCF0|function|0x8
0x0057CCF8|fn_0057CCF8|function|0x18
0x0057CD10|fn_0057CD10|function|0xB
0x0057CD1B|fn_0057CD1B|function|0x15
0x0057CD30|fn_0057CD30|function|0xB
0x0057CD3B|fn_0057CD3B|function|0x15
0x0057CD50|fn_0057CD50|function|0xB
0x0057CD5B|fn_0057CD5B|function|0x15
0x0057CD70|fn_0057CD70|function|0xB
0x0057CD7B|fn_0057CD7B|function|0x15
0x0057CD90|fn_0057CD90|function|0xB
0x0057CD9B|fn_0057CD9B|function|0x15
0x0057CDB0|fn_0057CDB0|function|0xE
0x0057CDBE|fn_0057CDBE|function|0x12
0x0057CDD0|fn_0057CDD0|function|0xE
0x0057CDDE|fn_0057CDDE|function|0xE
0x0057CDEC|fn_0057CDEC|function|0x14
0x0057CE00|fn_0057CE00|function|0xE
0x0057CE0E|fn_0057CE0E|function|0xE
0x0057CE1C|fn_0057CE1C|function|0x14
0x0057CE30|fn_0057CE30|function|0x8
0x0057CE38|fn_0057CE38|function|0x18
0x0057CE50|fn_0057CE50|function|0xB
0x0057CE5B|fn_0057CE5B|function|0x15
0x0057CE70|fn_0057CE70|function|0xB
0x0057CE7B|fn_0057CE7B|function|0xB
0x0057CE86|fn_0057CE86|function|0xB
0x0057CE91|fn_0057CE91|function|0xB
0x0057CE9C|fn_0057CE9C|function|0x14
0x0057CEB0|fn_0057CEB0|function|0xB
0x0057CEBB|fn_0057CEBB|function|0xB
0x0057CEC6|fn_0057CEC6|function|0xA
0x0057CED0|fn_0057CED0|function|0xB
0x0057CEDB|fn_0057CEDB|function|0xB
0x0057CEE6|fn_0057CEE6|function|0xB
0x0057CEF1|fn_0057CEF1|function|0xF
0x0057CF00|fn_0057CF00|function|0xB
0x0057CF0B|fn_0057CF0B|function|0xB
0x0057CF16|fn_0057CF16|function|0xB
0x0057CF21|fn_0057CF21|function|0xF
0x0057CF30|fn_0057CF30|function|0xB
0x0057CF3B|fn_0057CF3B|function|0xB
0x0057CF46|fn_0057CF46|function|0xA
0x0057CF50|fn_0057CF50|function|0xB
0x0057CF5B|fn_0057CF5B|function|0xB
0x0057CF66|fn_0057CF66|function|0xB
0x0057CF71|fn_0057CF71|function|0xB
0x0057CF7C|fn_0057CF7C|function|0x14
0x0057CF90|fn_0057CF90|function|0xB
0x0057CF9B|fn_0057CF9B|function|0xA
0x0057CFA5|fn_0057CFA5|function|0xB
0x0057CFB0|fn_0057CFB0|function|0xA
0x0057CFBA|fn_0057CFBA|function|0xB
0x0057CFC5|fn_0057CFC5|function|0xB
0x0057CFD0|fn_0057CFD0|function|0xB
0x0057CFDB|fn_0057CFDB|function|0xA
0x0057CFE5|fn_0057CFE5|function|0xB
0x0057CFF0|fn_0057CFF0|function|0xA
0x0057CFFA|fn_0057CFFA|function|0xB
0x0057D005|fn_0057D005|function|0xB
0x0057D010|fn_0057D010|function|0xB
0x0057D01B|fn_0057D01B|function|0x15
0x0057D030|fn_0057D030|function|0xB
0x0057D03B|fn_0057D03B|function|0xA
0x0057D045|fn_0057D045|function|0x8
0x0057D04D|fn_0057D04D|function|0x17
0x0057D064|fn_0057D064|function|0x8
0x0057D06C|fn_0057D06C|function|0x8
0x0057D074|fn_0057D074|function|0x8
0x0057D07C|fn_0057D07C|function|0x8
0x0057D084|fn_0057D084|function|0xC
0x0057D090|fn_0057D090|function|0xB
0x0057D09B|fn_0057D09B|function|0x15
0x0057D0B0|fn_0057D0B0|function|0x8
0x0057D0B8|fn_0057D0B8|function|0x17
0x0057D0CF|fn_0057D0CF|function|0xA
0x0057D0D9|fn_0057D0D9|function|0x8
0x0057D0E1|fn_0057D0E1|function|0x17
0x0057D0F8|fn_0057D0F8|function|0xA
0x0057D102|fn_0057D102|function|0xB
0x0057D10D|fn_0057D10D|function|0xA
0x0057D117|fn_0057D117|function|0xB
0x0057D122|fn_0057D122|function|0xE
0x0057D130|fn_0057D130|function|0xB
0x0057D13B|fn_0057D13B|function|0xA
0x0057D145|fn_0057D145|function|0x8
0x0057D14D|fn_0057D14D|function|0x8
0x0057D155|fn_0057D155|function|0x8
0x0057D15D|fn_0057D15D|function|0x8
0x0057D165|fn_0057D165|function|0x8
0x0057D16D|fn_0057D16D|function|0x8
0x0057D175|fn_0057D175|function|0x8
0x0057D17D|fn_0057D17D|function|0x8
0x0057D185|fn_0057D185|function|0x8
0x0057D18D|fn_0057D18D|function|0x17
0x0057D1A4|fn_0057D1A4|function|0xA
0x0057D1AE|fn_0057D1AE|function|0x8
0x0057D1B6|fn_0057D1B6|function|0x8
0x0057D1BE|fn_0057D1BE|function|0x8
0x0057D1C6|fn_0057D1C6|function|0x8
0x0057D1CE|fn_0057D1CE|function|0x8
0x0057D1D6|fn_0057D1D6|function|0x8
0x0057D1DE|fn_0057D1DE|function|0x8
0x0057D1E6|fn_0057D1E6|function|0x8
0x0057D1EE|fn_0057D1EE|function|0x17
0x0057D205|fn_0057D205|function|0xB
0x0057D210|fn_0057D210|function|0xB
0x0057D21B|fn_0057D21B|function|0x15
0x0057D230|fn_0057D230|function|0xB
0x0057D23B|fn_0057D23B|function|0xB
0x0057D246|fn_0057D246|function|0xA
0x0057D250|fn_0057D250|function|0xB
0x0057D25B|fn_0057D25B|function|0xA
0x0057D265|fn_0057D265|function|0x8
0x0057D26D|fn_0057D26D|function|0xA
0x0057D277|fn_0057D277|function|0x8
0x0057D27F|fn_0057D27F|function|0xA
0x0057D289|fn_0057D289|function|0x8
0x0057D291|fn_0057D291|function|0xF
0x0057D2A0|fn_0057D2A0|function|0xE
0x0057D2AE|fn_0057D2AE|function|0xE
0x0057D2BC|fn_0057D2BC|function|0xE
0x0057D2CA|fn_0057D2CA|function|0x16
0x0057D2E0|fn_0057D2E0|function|0xB
0x0057D2EB|fn_0057D2EB|function|0xA
0x0057D2F5|fn_0057D2F5|function|0xB
0x0057D300|fn_0057D300|function|0x10
0x0057D310|fn_0057D310|function|0xB
0x0057D31B|fn_0057D31B|function|0xA
0x0057D325|fn_0057D325|function|0xB
0x0057D330|fn_0057D330|function|0xA
0x0057D33A|fn_0057D33A|function|0x8
0x0057D342|fn_0057D342|function|0xA
0x0057D34C|fn_0057D34C|function|0xB
0x0057D357|fn_0057D357|function|0x19
0x0057D370|fn_0057D370|function|0x8
0x0057D378|fn_0057D378|function|0xE
0x0057D386|fn_0057D386|function|0xE
0x0057D394|fn_0057D394|function|0xE
0x0057D3A2|fn_0057D3A2|function|0xE
0x0057D3B0|fn_0057D3B0|function|0xE
0x0057D3BE|fn_0057D3BE|function|0x12
0x0057D3D0|fn_0057D3D0|function|0x8
0x0057D3D8|fn_0057D3D8|function|0xE
0x0057D3E6|fn_0057D3E6|function|0xA
0x0057D3F0|fn_0057D3F0|function|0xE
0x0057D3FE|fn_0057D3FE|function|0xA
0x0057D408|fn_0057D408|function|0xE
0x0057D416|fn_0057D416|function|0xA
0x0057D420|fn_0057D420|function|0xE
0x0057D42E|fn_0057D42E|function|0xA
0x0057D438|fn_0057D438|function|0xE
0x0057D446|fn_0057D446|function|0xA
0x0057D450|fn_0057D450|function|0xE
0x0057D45E|fn_0057D45E|function|0xA
0x0057D468|fn_0057D468|function|0xE
0x0057D476|fn_0057D476|function|0xA
0x0057D480|fn_0057D480|function|0xE
0x0057D48E|fn_0057D48E|function|0xE
0x0057D49C|fn_0057D49C|function|0xA
0x0057D4A6|fn_0057D4A6|function|0xE
0x0057D4B4|fn_0057D4B4|function|0xA
0x0057D4BE|fn_0057D4BE|function|0x8
0x0057D4C6|fn_0057D4C6|function|0xA
0x0057D4D0|fn_0057D4D0|function|0x8
0x0057D4D8|fn_0057D4D8|function|0xE
0x0057D4E6|fn_0057D4E6|function|0xA
0x0057D4F0|fn_0057D4F0|function|0xB
0x0057D4FB|fn_0057D4FB|function|0x15
0x0057D510|fn_0057D510|function|0x8
0x0057D518|fn_0057D518|function|0xA
0x0057D522|fn_0057D522|function|0xB
0x0057D52D|fn_0057D52D|function|0xB
0x0057D538|fn_0057D538|function|0xA
0x0057D542|fn_0057D542|function|0xB
0x0057D54D|fn_0057D54D|function|0x13
0x0057D560|fn_0057D560|function|0x9
0x0057D569|fn_0057D569|function|0x17
0x0057D580|fn_0057D580|function|0x8
0x0057D588|fn_0057D588|function|0xA
0x0057D592|fn_0057D592|function|0x8
0x0057D59A|fn_0057D59A|function|0xA
0x0057D5A4|fn_0057D5A4|function|0x8
0x0057D5AC|fn_0057D5AC|function|0xA
0x0057D5B6|fn_0057D5B6|function|0x8
0x0057D5BE|fn_0057D5BE|function|0x12
0x0057D5D0|fn_0057D5D0|function|0xE
0x0057D5DE|fn_0057D5DE|function|0xB
0x0057D5E9|fn_0057D5E9|function|0xA
0x0057D5F3|fn_0057D5F3|function|0xB
0x0057D5FE|fn_0057D5FE|function|0x12
0x0057D610|fn_0057D610|function|0xE
0x0057D61E|fn_0057D61E|function|0x12
0x0057D630|fn_0057D630|function|0xB
0x0057D63B|fn_0057D63B|function|0xA
0x0057D645|fn_0057D645|function|0xB
0x0057D650|fn_0057D650|function|0xA
0x0057D65A|fn_0057D65A|function|0xB
0x0057D665|fn_0057D665|function|0xA
0x0057D66F|fn_0057D66F|function|0xB
0x0057D67A|fn_0057D67A|function|0x16
0x0057D690|fn_0057D690|function|0xE
0x0057D69E|fn_0057D69E|function|0xE
0x0057D6AC|fn_0057D6AC|function|0xE
0x0057D6BA|fn_0057D6BA|function|0x16
0x0057D6D0|fn_0057D6D0|function|0xB
0x0057D6DB|fn_0057D6DB|function|0xA
0x0057D6E5|fn_0057D6E5|function|0xB
0x0057D6F0|fn_0057D6F0|function|0x10
0x0057D700|fn_0057D700|function|0xB
0x0057D70B|fn_0057D70B|function|0xA
0x0057D715|fn_0057D715|function|0xB
0x0057D720|fn_0057D720|function|0xA
0x0057D72A|fn_0057D72A|function|0xB
0x0057D735|fn_0057D735|function|0xA
0x0057D73F|fn_0057D73F|function|0xB
0x0057D74A|fn_0057D74A|function|0x16
0x0057D760|fn_0057D760|function|0xB
0x0057D76B|fn_0057D76B|function|0xA
0x0057D775|fn_0057D775|function|0xB
0x0057D780|fn_0057D780|function|0xA
0x0057D78A|fn_0057D78A|function|0xB
0x0057D795|fn_0057D795|function|0xB
0x0057D7A0|fn_0057D7A0|function|0x8
0x0057D7A8|fn_0057D7A8|function|0x17
0x0057D7BF|fn_0057D7BF|function|0xA
0x0057D7C9|fn_0057D7C9|function|0x8
0x0057D7D1|fn_0057D7D1|function|0x8
0x0057D7D9|fn_0057D7D9|function|0x17
0x0057D7F0|fn_0057D7F0|function|0xA
0x0057D7FA|fn_0057D7FA|function|0x8
0x0057D802|fn_0057D802|function|0x17
0x0057D819|fn_0057D819|function|0xA
0x0057D823|fn_0057D823|function|0x8
0x0057D82B|fn_0057D82B|function|0x17
0x0057D842|fn_0057D842|function|0xA
0x0057D84C|fn_0057D84C|function|0x8
0x0057D854|fn_0057D854|function|0x17
0x0057D86B|fn_0057D86B|function|0xA
0x0057D875|fn_0057D875|function|0x17
0x0057D88C|fn_0057D88C|function|0x8
0x0057D894|fn_0057D894|function|0xA
0x0057D89E|fn_0057D89E|function|0x17
0x0057D8B5|fn_0057D8B5|function|0x8
0x0057D8BD|fn_0057D8BD|function|0xA
0x0057D8C7|fn_0057D8C7|function|0x8
0x0057D8CF|fn_0057D8CF|function|0x17
0x0057D8E6|fn_0057D8E6|function|0xA
0x0057D8F0|fn_0057D8F0|function|0x8
0x0057D8F8|fn_0057D8F8|function|0x17
0x0057D90F|fn_0057D90F|function|0xA
0x0057D919|fn_0057D919|function|0x8
0x0057D921|fn_0057D921|function|0xA
0x0057D92B|fn_0057D92B|function|0x8
0x0057D933|fn_0057D933|function|0xA
0x0057D93D|fn_0057D93D|function|0x8
0x0057D945|fn_0057D945|function|0xA
0x0057D94F|fn_0057D94F|function|0x8
0x0057D957|fn_0057D957|function|0x17
0x0057D96E|fn_0057D96E|function|0xA
0x0057D978|fn_0057D978|function|0x8
0x0057D980|fn_0057D980|function|0x17
0x0057D997|fn_0057D997|function|0xA
0x0057D9A1|fn_0057D9A1|function|0x8
0x0057D9A9|fn_0057D9A9|function|0x17
0x0057D9C0|fn_0057D9C0|function|0xA
0x0057D9CA|fn_0057D9CA|function|0x8
0x0057D9D2|fn_0057D9D2|function|0x8
0x0057D9DA|fn_0057D9DA|function|0x17
0x0057D9F1|fn_0057D9F1|function|0x8
0x0057D9F9|fn_0057D9F9|function|0x8
0x0057DA01|fn_0057DA01|function|0x8
0x0057DA09|fn_0057DA09|function|0x8
0x0057DA11|fn_0057DA11|function|0xA
0x0057DA1B|fn_0057DA1B|function|0x8
0x0057DA23|fn_0057DA23|function|0x8
0x0057DA2B|fn_0057DA2B|function|0x8
0x0057DA33|fn_0057DA33|function|0x8
0x0057DA3B|fn_0057DA3B|function|0x8
0x0057DA43|fn_0057DA43|function|0x8
0x0057DA4B|fn_0057DA4B|function|0x8
0x0057DA53|fn_0057DA53|function|0x8
0x0057DA5B|fn_0057DA5B|function|0x8
0x0057DA63|fn_0057DA63|function|0x8
0x0057DA6B|fn_0057DA6B|function|0x8
0x0057DA73|fn_0057DA73|function|0x8
0x0057DA7B|fn_0057DA7B|function|0x17
0x0057DA92|fn_0057DA92|function|0xA
0x0057DA9C|fn_0057DA9C|function|0x8
0x0057DAA4|fn_0057DAA4|function|0x17
0x0057DABB|fn_0057DABB|function|0x15
0x0057DAD0|fn_0057DAD0|function|0x8
0x0057DAD8|fn_0057DAD8|function|0xA
0x0057DAE2|fn_0057DAE2|function|0xB
0x0057DAED|fn_0057DAED|function|0xB
0x0057DAF8|fn_0057DAF8|function|0xB
0x0057DB03|fn_0057DB03|function|0xB
0x0057DB0E|fn_0057DB0E|function|0x12
0x0057DB20|fn_0057DB20|function|0x16
0x0057DB36|fn_0057DB36|function|0xA
0x0057E000|__imp__RegCreateKeyExA|global|0x4
0x0057E004|__imp__RegQueryValueExA|global|0x4
0x0057E008|__imp__RegDeleteKeyA|global|0x4
0x0057E00C|__imp__RegCloseKey|global|0x4
0x0057E010|__imp__RegSetValueExA|global|0x4
0x0057E014|__imp__RegOpenKeyExA|global|0x4
0x0057E018|__imp__RegDeleteValueA|global|0x4
0x0057E01C|__imp__GetUserNameA|global|0x4
0x0057E024|__imp__DirectDrawEnumerateA|global|0x4
0x0057E02C|__imp__DirectInputCreateA|global|0x4
0x0057E034|__imp__DSOUND_1|global|0x4
0x0057E03C|__imp__EAX_5|global|0x4
0x0057E044|__imp__SetPixelFormat|global|0x4
0x0057E048|__imp__SwapBuffers|global|0x4
0x0057E04C|__imp__ChoosePixelFormat|global|0x4
0x0057E050|__imp__DescribePixelFormat|global|0x4
0x0057E058|__imp__gluPerspective|global|0x4
0x0057E05C|__imp__gluLookAt|global|0x4
0x0057E064|__imp__GetDriveTypeA|global|0x4
0x0057E068|__imp__GetVolumeInformationA|global|0x4
0x0057E06C|__imp__GetCurrentDirectoryA|global|0x4
0x0057E070|__imp__SetCurrentDirectoryA|global|0x4
0x0057E074|__imp__SetPriorityClass|global|0x4
0x0057E078|__imp__WriteFile|global|0x4
0x0057E07C|__imp__lstrlenA|global|0x4
0x0057E080|__imp__MoveFileA|global|0x4
0x0057E084|__imp__GetFullPathNameA|global|0x4
0x0057E088|__imp__DeleteFileA|global|0x4
0x0057E08C|__imp__CreateDirectoryA|global|0x4
0x0057E090|__imp__HeapAlloc|global|0x4
0x0057E094|__imp__HeapFree|global|0x4
0x0057E098|__imp__GetVersion|global|0x4
0x0057E09C|__imp__GetStartupInfoA|global|0x4
0x0057E0A0|__imp__FileTimeToSystemTime|global|0x4
0x0057E0A4|__imp__FindClose|global|0x4
0x0057E0A8|__imp__FindNextFileA|global|0x4
0x0057E0AC|__imp__FindFirstFileA|global|0x4
0x0057E0B0|__imp__GetCurrentProcess|global|0x4
0x0057E0B4|__imp__TerminateProcess|global|0x4
0x0057E0B8|__imp__ExitProcess|global|0x4
0x0057E0BC|__imp__GetLocalTime|global|0x4
0x0057E0C0|__imp__GetSystemTime|global|0x4
0x0057E0C4|__imp__GetTimeZoneInformation|global|0x4
0x0057E0C8|__imp__InterlockedIncrement|global|0x4
0x0057E0CC|__imp__InterlockedDecrement|global|0x4
0x0057E0D0|__imp__RtlUnwind|global|0x4
0x0057E0D4|__imp__SetEnvironmentVariableA|global|0x4
0x0057E0D8|__imp__GetSystemTimeAsFileTime|global|0x4
0x0057E0DC|__imp__FileTimeToLocalFileTime|global|0x4
0x0057E0E0|__imp__FileTimeToDosDateTime|global|0x4
0x0057E0E4|__imp__GetFileSize|global|0x4
0x0057E0E8|__imp__ResumeThread|global|0x4
0x0057E0EC|__imp__GetFileTime|global|0x4
0x0057E0F0|__imp__lstrcpyA|global|0x4
0x0057E0F4|__imp__CreateFileA|global|0x4
0x0057E0F8|__imp__SetEndOfFile|global|0x4
0x0057E0FC|__imp__CompareStringW|global|0x4
0x0057E100|__imp__CompareStringA|global|0x4
0x0057E104|__imp__GetOEMCP|global|0x4
0x0057E108|__imp__GetACP|global|0x4
0x0057E10C|__imp__GetCPInfo|global|0x4
0x0057E110|__imp__IsBadCodePtr|global|0x4
0x0057E114|__imp__IsBadReadPtr|global|0x4
0x0057E118|__imp__SetUnhandledExceptionFilter|global|0x4
0x0057E11C|__imp__GetStringTypeW|global|0x4
0x0057E120|__imp__GetStringTypeA|global|0x4
0x0057E124|__imp__ReadFile|global|0x4
0x0057E128|__imp__FlushFileBuffers|global|0x4
0x0057E12C|__imp__SetStdHandle|global|0x4
0x0057E130|__imp__IsBadWritePtr|global|0x4
0x0057E134|__imp__VirtualAlloc|global|0x4
0x0057E138|__imp__RaiseException|global|0x4
0x0057E13C|__imp__VirtualFree|global|0x4
0x0057E140|__imp__HeapCreate|global|0x4
0x0057E144|__imp__HeapDestroy|global|0x4
0x0057E148|__imp__GetFileType|global|0x4
0x0057E14C|__imp__GetStdHandle|global|0x4
0x0057E150|__imp__SetHandleCount|global|0x4
0x0057E154|__imp__GetEnvironmentStringsW|global|0x4
0x0057E158|__imp__GetEnvironmentStrings|global|0x4
0x0057E15C|__imp__FreeEnvironmentStringsW|global|0x4
0x0057E160|__imp__FreeEnvironmentStringsA|global|0x4
0x0057E164|__imp__UnhandledExceptionFilter|global|0x4
0x0057E168|__imp__HeapSize|global|0x4
0x0057E16C|__imp__HeapReAlloc|global|0x4
0x0057E170|__imp__LCMapStringW|global|0x4
0x0057E174|__imp__LCMapStringA|global|0x4
0x0057E178|__imp__MultiByteToWideChar|global|0x4
0x0057E17C|__imp__WideCharToMultiByte|global|0x4
0x0057E180|__imp__TlsGetValue|global|0x4
0x0057E184|__imp__SetLastError|global|0x4
0x0057E188|__imp__TlsAlloc|global|0x4
0x0057E18C|__imp__GetCurrentThreadId|global|0x4
0x0057E190|__imp__ExitThread|global|0x4
0x0057E194|__imp__TlsSetValue|global|0x4
0x0057E198|__imp__CreateThread|global|0x4
0x0057E19C|__imp__OutputDebugStringA|global|0x4
0x0057E1A0|__imp__GetModuleHandleA|global|0x4
0x0057E1A4|__imp__GetSystemInfo|global|0x4
0x0057E1A8|__imp__DeleteCriticalSection|global|0x4
0x0057E1AC|__imp__GetEnvironmentVariableA|global|0x4
0x0057E1B0|__imp__VirtualQuery|global|0x4
0x0057E1B4|__imp__CloseHandle|global|0x4
0x0057E1B8|__imp__SetFilePointer|global|0x4
0x0057E1BC|__imp__GlobalLock|global|0x4
0x0057E1C0|__imp__GlobalUnlock|global|0x4
0x0057E1C4|__imp__GetCommandLineA|global|0x4
0x0057E1C8|__imp__QueryPerformanceCounter|global|0x4
0x0057E1CC|__imp__QueryPerformanceFrequency|global|0x4
0x0057E1D0|__imp__GetPriorityClass|global|0x4
0x0057E1D4|__imp__GetThreadPriority|global|0x4
0x0057E1D8|__imp__CreateProcessA|global|0x4
0x0057E1DC|__imp__SetThreadPriority|global|0x4
0x0057E1E0|__imp__OpenMutexA|global|0x4
0x0057E1E4|__imp__ReleaseMutex|global|0x4
0x0057E1E8|__imp__CreateMutexA|global|0x4
0x0057E1EC|__imp__GetLastError|global|0x4
0x0057E1F0|__imp__LoadLibraryA|global|0x4
0x0057E1F4|__imp__GetProcAddress|global|0x4
0x0057E1F8|__imp__LeaveCriticalSection|global|0x4
0x0057E1FC|__imp__EnterCriticalSection|global|0x4
0x0057E200|__imp__Sleep|global|0x4
0x0057E204|__imp__InitializeCriticalSection|global|0x4
0x0057E208|__imp__GlobalMemoryStatus|global|0x4
0x0057E20C|__imp__GetFileAttributesA|global|0x4
0x0057E210|__imp__GetVersionExA|global|0x4
0x0057E214|__imp__GetModuleFileNameA|global|0x4
0x0057E218|__imp__SetFileAttributesA|global|0x4
0x0057E21C|__imp__FreeLibrary|global|0x4
0x0057E224|__imp__acmDriverClose|global|0x4
0x0057E228|__imp__acmGetVersion|global|0x4
0x0057E22C|__imp__acmDriverEnum|global|0x4
0x0057E230|__imp__acmDriverOpen|global|0x4
0x0057E234|__imp__acmDriverPriority|global|0x4
0x0057E238|__imp__acmStreamSize|global|0x4
0x0057E23C|__imp__acmStreamPrepareHeader|global|0x4
0x0057E240|__imp__acmStreamConvert|global|0x4
0x0057E244|__imp__acmStreamUnprepareHeader|global|0x4
0x0057E248|__imp__acmStreamClose|global|0x4
0x0057E24C|__imp__acmStreamOpen|global|0x4
0x0057E250|__imp__acmMetrics|global|0x4
0x0057E254|__imp__acmDriverDetailsA|global|0x4
0x0057E25C|__imp__glDisable|global|0x4
0x0057E260|__imp__glBlendFunc|global|0x4
0x0057E264|__imp__glDepthMask|global|0x4
0x0057E268|__imp__glDepthFunc|global|0x4
0x0057E26C|__imp__glDisableClientState|global|0x4
0x0057E270|__imp__glEnableClientState|global|0x4
0x0057E274|__imp__glTexEnvi|global|0x4
0x0057E278|__imp__glEnable|global|0x4
0x0057E27C|__imp__glArrayElement|global|0x4
0x0057E280|__imp__wglGetProcAddress|global|0x4
0x0057E284|__imp__glHint|global|0x4
0x0057E288|__imp__glPushMatrix|global|0x4
0x0057E28C|__imp__glFogi|global|0x4
0x0057E290|__imp__glFogf|global|0x4
0x0057E294|__imp__glFogfv|global|0x4
0x0057E298|__imp__glReadBuffer|global|0x4
0x0057E29C|__imp__glReadPixels|global|0x4
0x0057E2A0|__imp__glVertex3f|global|0x4
0x0057E2A4|__imp__glColor4ubv|global|0x4
0x0057E2A8|__imp__glBegin|global|0x4
0x0057E2AC|__imp__glVertex2i|global|0x4
0x0057E2B0|__imp__glEnd|global|0x4
0x0057E2B4|__imp__glClearDepth|global|0x4
0x0057E2B8|__imp__glDepthRange|global|0x4
0x0057E2BC|__imp__glClear|global|0x4
0x0057E2C0|__imp__glColor4ub|global|0x4
0x0057E2C4|__imp__glRecti|global|0x4
0x0057E2C8|__imp__wglDeleteContext|global|0x4
0x0057E2CC|__imp__wglMakeCurrent|global|0x4
0x0057E2D0|__imp__wglCreateContext|global|0x4
0x0057E2D4|__imp__glMatrixMode|global|0x4
0x0057E2D8|__imp__glLoadIdentity|global|0x4
0x0057E2DC|__imp__glOrtho|global|0x4
0x0057E2E0|__imp__glViewport|global|0x4
0x0057E2E4|__imp__glAlphaFunc|global|0x4
0x0057E2E8|__imp__glCullFace|global|0x4
0x0057E2EC|__imp__glGetString|global|0x4
0x0057E2F0|__imp__glVertexPointer|global|0x4
0x0057E2F4|__imp__glGetIntegerv|global|0x4
0x0057E2F8|__imp__glBindTexture|global|0x4
0x0057E2FC|__imp__glDrawElements|global|0x4
0x0057E300|__imp__glDrawArrays|global|0x4
0x0057E304|__imp__glTexCoordPointer|global|0x4
0x0057E308|__imp__glColorPointer|global|0x4
0x0057E30C|__imp__glTexSubImage2D|global|0x4
0x0057E310|__imp__glPixelStorei|global|0x4
0x0057E314|__imp__glDeleteTextures|global|0x4
0x0057E318|__imp__glFinish|global|0x4
0x0057E31C|__imp__glTexImage2D|global|0x4
0x0057E320|__imp__glTexParameteri|global|0x4
0x0057E328|__imp__ShellExecuteA|global|0x4
0x0057E330|__imp__SetCursorPos|global|0x4
0x0057E334|__imp__SetWindowLongA|global|0x4
0x0057E338|__imp__GetSystemMetrics|global|0x4
0x0057E33C|__imp__GetWindowTextA|global|0x4
0x0057E340|__imp__PostMessageA|global|0x4
0x0057E344|__imp__PostQuitMessage|global|0x4
0x0057E348|__imp__DefWindowProcA|global|0x4
0x0057E34C|__imp__LoadIconA|global|0x4
0x0057E350|__imp__LoadCursorA|global|0x4
0x0057E354|__imp__RegisterClassExA|global|0x4
0x0057E358|__imp__CreateWindowExA|global|0x4
0x0057E35C|__imp__ShowCursor|global|0x4
0x0057E360|__imp__ClipCursor|global|0x4
0x0057E364|__imp__EnumWindows|global|0x4
0x0057E368|__imp__FindWindowA|global|0x4
0x0057E36C|__imp__MessageBoxA|global|0x4
0x0057E370|__imp__ReleaseDC|global|0x4
0x0057E374|__imp__GetDC|global|0x4
0x0057E378|__imp__wvsprintfA|global|0x4
0x0057E37C|__imp__wsprintfA|global|0x4
0x0057E380|__imp__GetClientRect|global|0x4
0x0057E384|__imp__OpenClipboard|global|0x4
0x0057E388|__imp__GetClipboardData|global|0x4
0x0057E38C|__imp__SetKeyboardState|global|0x4
0x0057E390|__imp__TranslateMessage|global|0x4
0x0057E394|__imp__GetKeyboardState|global|0x4
0x0057E398|__imp__ShowWindow|global|0x4
0x0057E39C|__imp__GetMessageTime|global|0x4
0x0057E3A0|__imp__SetWindowTextA|global|0x4
0x0057E3A4|__imp__DispatchMessageA|global|0x4
0x0057E3A8|__imp__ScreenToClient|global|0x4
0x0057E3AC|__imp__SetForegroundWindow|global|0x4
0x0057E3B0|__imp__AdjustWindowRect|global|0x4
0x0057E3B4|__imp__SetActiveWindow|global|0x4
0x0057E3B8|__imp__CloseClipboard|global|0x4
0x0057E3BC|__imp__SetWindowPos|global|0x4
0x0057E3C0|__imp__ClientToScreen|global|0x4
0x0057E3C4|__imp__PeekMessageA|global|0x4
0x0057E3C8|__imp__GetCursorPos|global|0x4
0x0057E3CC|__imp__SystemParametersInfoA|global|0x4
0x0057E3D4|__imp__timeKillEvent|global|0x4
0x0057E3D8|__imp__timeEndPeriod|global|0x4
0x0057E3DC|__imp__timeBeginPeriod|global|0x4
0x0057E3E0|__imp__mmioRead|global|0x4
0x0057E3E4|__imp__mmioClose|global|0x4
0x0057E3E8|__imp__mmioAscend|global|0x4
0x0057E3EC|__imp__mmioGetInfo|global|0x4
0x0057E3F0|__imp__mmioSetInfo|global|0x4
0x0057E3F4|__imp__mmioAdvance|global|0x4
0x0057E3F8|__imp__mmioSeek|global|0x4
0x0057E3FC|__imp__timeGetTime|global|0x4
0x0057E400|__imp__mmioOpenA|global|0x4
0x0057E404|__imp__mmioDescend|global|0x4
0x0057E408|__imp__timeSetEvent|global|0x4
0x0057E410|__imp__WSOCK32_19|global|0x4
0x0057E414|__imp__WSOCK32_22|global|0x4
0x0057E418|__imp__WSOCK32_14|global|0x4
0x0057E41C|__imp__WSOCK32_52|global|0x4
0x0057E420|__imp__WSOCK32_10|global|0x4
0x0057E424|__imp__WSOCK32_15|global|0x4
0x0057E428|__imp__WSOCK32_23|global|0x4
0x0057E42C|__imp__WSOCK32_18|global|0x4
0x0057E430|__imp__WSOCK32_111|global|0x4
0x0057E434|__imp__WSOCK32_4|global|0x4
0x0057E438|__imp__WSOCK32_9|global|0x4
0x0057E43C|__imp__WSOCK32_12|global|0x4
0x0057E440|__imp__WSOCK32_2|global|0x4
0x0057E444|__imp__WSOCK32_3|global|0x4
0x0057E448|__imp__WSOCK32_151|global|0x4
0x0057E44C|__imp__WSOCK32_116|global|0x4
0x0057E450|__imp__WSOCK32_21|global|0x4
0x0057E454|__imp__WSOCK32_17|global|0x4
0x0057E458|__imp__WSOCK32_55|global|0x4
0x0057E45C|__imp__WSOCK32_6|global|0x4
0x0057E460|__imp__WSOCK32_1|global|0x4
0x0057E464|__imp__WSOCK32_16|global|0x4
0x0057E468|__imp__WSOCK32_20|global|0x4
0x0057E46C|__imp__WSOCK32_8|global|0x4
0x0057E470|__imp__WSOCK32_7|global|0x4
0x0057E474|__imp__WSOCK32_11|global|0x4
0x0057E478|__imp__WSOCK32_13|global|0x4
0x0057E47C|__imp__WSOCK32_113|global|0x4
0x0057E480|__imp__WSOCK32_115|global|0x4
0x0057E488|__imp___BinkOpen@8|global|0x4
0x0057E48C|__imp___BinkClose@4|global|0x4
0x0057E490|__imp___BinkCopyToBuffer@28|global|0x4
0x0057E494|__imp___BinkNextFrame@4|global|0x4
0x0057E498|__imp___BinkOpenDirectSound@4|global|0x4
0x0057E49C|__imp___BinkSetSoundSystem@8|global|0x4
0x0057E4A0|__imp___BinkWait@4|global|0x4
0x0057E4A4|__imp___BinkDoFrame@4|global|0x4
0x0057E4AC|__imp__CoInitialize|global|0x4
0x0057E4B0|__imp__CoUninitialize|global|0x4
0x0057E4B4|lbl_0057E4B4|global|0x8D70
0x026B4268|g_vfs_string_pool|global|
0x026B638C|g_default_ext|global|
